Id,Type,RecordType,Status,StartDate,EndDate,ExpectedRevenue,BudgetedCost,ActualCost,ExpectedResponse,NumberSent,IsActive,NumberOfContacts,NumberOfResponses,NumberOfOpportunities,NumberOfWonOpportunities,AmountAllOpportunities,AmountWonOpportunities,HierarchyNumberOfContacts,HierarchyNumberOfResponses,HierarchyNumberOfOpportunities,HierarchyNumberOfWonOpportunities,HierarchyAmountAllOpportunities,HierarchyAmountWonOpportunities,HierarchyNumberSent,HierarchyExpectedRevenue,HierarchyBudgetedCost,HierarchyActualCost,CreatedDate,GW_Volunteers__Number_of_Volunteers,GW_Volunteers__Volunteer_Completed_Hours,GW_Volunteers__Volunteer_Jobs,GW_Volunteers__Volunteer_Shifts,GW_Volunteers__Volunteers_Still_Needed,Administrative_Cost,Cost_of_Materials,Homeowner_Completion_Signed,Homeowners_Contract_Agreement_Signed,Primary_Build_Day,Program2,Scope_of_Work_Status,Service_Application,Total_Budget,Number_of_Skilled_Volunteers,Number_of_Unskilled_Volunteers,Skilled_Volunteer_Hours_Completed,Unskilled_Volunteer_Hours_Completed,MV_Skilled_Volunteers_at_Close,MV_Unskilled_Volunteers_at_Close,MV_Volunteers_at_Close,Sponsored_Volunteers_Expected,Total_Sponsorship_Amount,Project_Costs,Total_Amount_Paid,Total_Remaining_Balance_Owed
7011K000000vfrbQAA,Project,Project,Work Complete,2019-04-15 00:00:00,,,,,0,0,0,4,1,2,2,2500.0,2500.0,4,1,2,2,2500.0,2500.0,0,0.0,0.0,0.0,2019-04-25 20:46:11,30,77.0,1,0,0,,,0,0,2019-04-15 00:00:00,SHHIP,,service_app_81,5000.0,2,28,7.0,70.0,,,,8.0,2500.0,0.0,0.0,0.0
7011K000000vhzNQAQ,Project,Project,Work Complete,2019-01-11 00:00:00,2019-01-11 00:00:00,,,,0,0,0,2,0,0,0,0.0,0.0,2,0,0,0,0.0,0.0,0,0.0,0.0,0.0,2019-06-03 20:47:23,2,8.0,1,0,0,,,0,0,2019-01-11 00:00:00,,,service_app_59,,0,2,0.0,8.0,,,,,,0.0,0.0,0.0
7011K000000vhzSQAQ,Project,Project,Work Complete,2019-03-15 00:00:00,2019-03-15 00:00:00,,,,0,0,0,2,0,0,0,0.0,0.0,2,0,0,0,0.0,0.0,0,0.0,0.0,0.0,2019-06-03 21:37:20,2,8.0,1,0,0,,,0,0,2019-03-15 00:00:00,,,service_app_80,,0,2,0.0,8.0,,,,,,0.0,0.0,0.0
7011K000000vi1EQAQ,Project,Project,Work Complete,2019-02-10 00:00:00,2019-02-10 00:00:00,,,,0,0,0,23,1,1,1,17929.89,17929.89,23,1,1,1,17929.89,17929.89,0,0.0,0.0,0.0,2019-06-04 15:42:28,66,490.0,1,0,0,,,0,0,2019-02-10 00:00:00,,,,,34,32,275.0,215.0,,,,,17292.89,0.0,0.0,0.0
7011K000000vi1nQAA,Project,Project,Work Complete,2019-04-05 00:00:00,2019-04-05 00:00:00,,,,0,0,0,3,0,0,0,0.0,0.0,3,0,0,0,0.0,0.0,0,0.0,0.0,0.0,2019-06-04 18:13:30,7,29.0,1,0,0,,,0,0,2019-04-05 00:00:00,,,service_app_55,,0,7,0.0,29.0,,,,,,0.0,0.0,0.0
7011K000000vi1sQAA,Project,Project,Work Complete,2019-04-12 00:00:00,,,,,0,0,0,3,0,0,0,0.0,0.0,3,0,0,0,0.0,0.0,0,0.0,0.0,0.0,2019-06-04 18:15:10,18,119.5,2,0,0,,,0,0,2019-04-12 00:00:00,,,service_app_85,,10,8,66.5,53.0,,,,,7500.0,0.0,0.0,0.0
7011K000000vi1xQAA,Project,Project,Work Complete,2019-05-22 00:00:00,,,,,0,0,0,1,0,0,0,0.0,0.0,1,0,0,0,0.0,0.0,0,0.0,0.0,0.0,2019-06-04 18:19:33,8,40.0,1,0,0,,,0,0,2019-05-22 00:00:00,,,service_app_79,,0,8,0.0,40.0,,,,,,0.0,0.0,0.0
7011K000000viD6QAI,Event,General,Closed,2019-02-01 00:00:00,2019-06-02 00:00:00,20000.0,6000.0,11034.0,0,0,0,13,13,13,13,14925.0,14925.0,13,13,13,13,14925.0,14925.0,0,20000.0,6000.0,11034.0,2019-06-06 21:52:25,0,0.0,0,0,0,,,0,0,,,,,,0,0,0.0,0.0,0.0,0.0,0.0,,,0.0,0.0,0.0
7011K000000viEdQAI,Project,Project,Ready for Build,2019-06-27 00:00:00,,,,,0,0,0,7,0,0,0,0.0,0.0,7,0,0,0,0.0,0.0,0,0.0,0.0,0.0,2019-06-07 16:40:26,7,35.0,1,0,0,,,0,0,2019-06-27 00:00:00,SHHIP,,service_app_15,,0,7,0.0,35.0,,,,,,0.0,0.0,0.0
7011K0000017B3CQAU,Mail,General,In Progress,2018-11-15 00:00:00,2018-12-31 00:00:00,,,,0,0,1,1,1,1,1,150.0,150.0,1,1,1,1,150.0,150.0,0,,,,2018-11-26 16:48:12,0,0.0,0,0,0,,,0,0,,,,,,0,0,0.0,0.0,,,,,,0.0,0.0,0.0
7011K0000017BEZQA2,Virtual,General,Closed,2018-11-27 00:00:00,2018-11-27 00:00:00,,,,0,0,0,13,13,13,13,2090.0,2090.0,13,13,13,13,2090.0,2090.0,0,0.0,0.0,0.0,2018-12-03 16:15:55,0,0.0,0,0,0,,,0,0,,,,,,0,0,0.0,0.0,0.0,0.0,0.0,,,0.0,0.0,0.0
7011K0000017EP3QAM,Face-to-Face,General,Closed,2019-01-01 00:00:00,2019-12-31 00:00:00,,,,0,0,0,4,4,6,6,35500.0,35500.0,4,4,6,6,35500.0,35500.0,0,0.0,0.0,0.0,2019-01-28 19:48:16,0,0.0,0,0,0,,,0,0,,,,,,0,0,0.0,0.0,0.0,0.0,0.0,,,0.0,0.0,0.0
7011K000001BK3qQAG,Event,General,Closed,2019-05-10 00:00:00,2019-05-10 00:00:00,,,,0,0,0,2,2,3,3,300.0,300.0,2,2,3,3,300.0,300.0,0,0.0,0.0,0.0,2019-07-16 14:23:13,0,0.0,0,0,0,,,0,0,,,,,,0,0,0.0,0.0,0.0,0.0,0.0,,,0.0,0.0,0.0
701410000007B8hAAE,Event,General,Closed,2017-05-05 00:00:00,2017-05-05 00:00:00,,,,0,0,0,4,4,22,22,2825.0,2825.0,4,4,22,22,2825.0,2825.0,0,0.0,0.0,0.0,2017-05-22 16:29:33,0,0.0,0,0,0,,,0,0,,,,,,0,0,0.0,0.0,0.0,0.0,0.0,0.0,0.0,0.0,0.0,0.0
701410000007Xe3AAE,Email,General,Closed,2017-05-03 00:00:00,2017-05-03 00:00:00,,,,0,0,0,20,20,20,20,2000.0,2000.0,20,20,20,20,2000.0,2000.0,0,0.0,0.0,0.0,2017-08-28 20:40:26,0,0.0,0,0,0,,,0,0,,,,,,0,0,0.0,0.0,0.0,0.0,0.0,0.0,0.0,0.0,0.0,0.0
701410000009GvGAAU,Project,Project,Closed,2014-07-01 00:00:00,2015-06-30 00:00:00,,,,0,0,0,0,0,0,0,0.0,0.0,0,0,0,0,0.0,0.0,0,0.0,0.0,0.0,2016-10-12 22:44:53,0,0.0,0,0,0,,,0,0,,,,,,0,0,0.0,0.0,0.0,0.0,0.0,0.0,0.0,0.0,0.0,0.0
701410000009GvHAAU,Project,Project,Closed,2014-07-01 00:00:00,2015-06-30 00:00:00,,,,0,0,0,0,0,0,0,0.0,0.0,0,0,0,0,0.0,0.0,0,0.0,0.0,0.0,2016-10-12 22:44:53,0,0.0,0,0,0,,,0,0,,,,,,0,0,0.0,0.0,0.0,0.0,0.0,0.0,0.0,0.0,0.0,0.0
701410000009GvIAAU,Project,Project,Closed,2014-07-01 00:00:00,2015-06-30 00:00:00,,,,0,0,0,0,0,0,0,0.0,0.0,0,0,0,0,0.0,0.0,0,0.0,0.0,0.0,2016-10-12 22:44:53,0,0.0,0,0,0,,,0,0,,,,,,0,0,0.0,0.0,0.0,0.0,0.0,0.0,0.0,0.0,0.0,0.0
701410000009GvJAAU,Project,Project,Closed,2014-07-01 00:00:00,2015-06-30 00:00:00,,,,0,0,0,0,0,0,0,0.0,0.0,0,0,0,0,0.0,0.0,0,0.0,0.0,0.0,2016-10-12 22:44:53,0,0.0,0,0,0,,,0,0,,,,,,0,0,0.0,0.0,0.0,0.0,0.0,0.0,0.0,0.0,0.0,0.0
701410000009GvKAAU,Project,Project,Closed,2014-07-01 00:00:00,2015-06-30 00:00:00,,,,0,0,0,0,0,0,0,0.0,0.0,0,0,0,0,0.0,0.0,0,0.0,0.0,0.0,2016-10-12 22:44:53,0,0.0,0,0,0,,,0,0,,,,,,0,0,0.0,0.0,0.0,0.0,0.0,0.0,0.0,0.0,0.0,0.0
701410000009GvLAAU,Project,Project,Closed,2014-07-01 00:00:00,2015-06-30 00:00:00,,,,0,0,0,0,0,0,0,0.0,0.0,0,0,0,0,0.0,0.0,0,0.0,0.0,0.0,2016-10-12 22:44:53,0,0.0,0,0,0,,,0,0,,,,,,0,0,0.0,0.0,0.0,0.0,0.0,0.0,0.0,0.0,0.0,0.0
701410000009GvMAAU,Project,Project,Closed,2014-07-01 00:00:00,2015-06-30 00:00:00,,,,0,0,0,0,0,0,0,0.0,0.0,0,0,0,0,0.0,0.0,0,0.0,0.0,0.0,2016-10-12 22:44:53,0,0.0,0,0,0,,,0,0,,,,,,0,0,0.0,0.0,0.0,0.0,0.0,0.0,0.0,0.0,0.0,0.0
701410000009GvNAAU,Project,Project,Closed,2014-07-01 00:00:00,2015-06-30 00:00:00,,,,0,0,0,0,0,0,0,0.0,0.0,0,0,0,0,0.0,0.0,0,0.0,0.0,0.0,2016-10-12 22:44:53,0,0.0,0,0,0,,,0,0,,,,,,0,0,0.0,0.0,0.0,0.0,0.0,0.0,0.0,0.0,0.0,0.0
701410000009GvOAAU,Project,Project,Closed,2014-07-01 00:00:00,2015-06-30 00:00:00,,,,0,0,0,0,0,0,0,0.0,0.0,0,0,0,0,0.0,0.0,0,0.0,0.0,0.0,2016-10-12 22:44:53,0,0.0,0,0,0,,,0,0,,,,,,0,0,0.0,0.0,0.0,0.0,0.0,0.0,0.0,0.0,0.0,0.0
701410000009GvPAAU,Project,Project,Closed,2014-07-01 00:00:00,2015-06-30 00:00:00,,,,0,0,0,0,0,0,0,0.0,0.0,0,0,0,0,0.0,0.0,0,0.0,0.0,0.0,2016-10-12 22:44:53,0,0.0,0,0,0,,,0,0,,,,,,0,0,0.0,0.0,0.0,0.0,0.0,0.0,0.0,0.0,0.0,0.0
701410000009GvQAAU,Project,Project,Closed,2014-07-01 00:00:00,2015-06-30 00:00:00,,,,0,0,0,0,0,0,0,0.0,0.0,0,0,0,0,0.0,0.0,0,0.0,0.0,0.0,2016-10-12 22:44:53,0,0.0,0,0,0,,,0,0,,,,,,0,0,0.0,0.0,0.0,0.0,0.0,0.0,0.0,0.0,0.0,0.0
701410000009GvRAAU,Project,Project,Closed,2014-07-01 00:00:00,2015-06-30 00:00:00,,,,0,0,0,0,0,0,0,0.0,0.0,0,0,0,0,0.0,0.0,0,0.0,0.0,0.0,2016-10-12 22:44:53,0,0.0,0,0,0,,,0,0,,,,,,0,0,0.0,0.0,0.0,0.0,0.0,0.0,0.0,0.0,0.0,0.0
701410000009GvSAAU,Project,Project,Closed,2014-07-01 00:00:00,2015-06-30 00:00:00,,,,0,0,0,0,0,0,0,0.0,0.0,0,0,0,0,0.0,0.0,0,0.0,0.0,0.0,2016-10-12 22:44:53,0,0.0,0,0,0,,,0,0,,,,,,0,0,0.0,0.0,0.0,0.0,0.0,0.0,0.0,0.0,0.0,0.0
701410000009GvTAAU,Project,Project,Closed,2014-07-01 00:00:00,2015-06-30 00:00:00,,,,0,0,0,0,0,0,0,0.0,0.0,0,0,0,0,0.0,0.0,0,0.0,0.0,0.0,2016-10-12 22:44:53,0,0.0,0,0,0,,,0,0,,,,,,0,0,0.0,0.0,0.0,0.0,0.0,0.0,0.0,0.0,0.0,0.0
701410000009GvUAAU,Project,Project,Closed,2014-07-01 00:00:00,2015-06-30 00:00:00,,,,0,0,0,0,0,0,0,0.0,0.0,0,0,0,0,0.0,0.0,0,0.0,0.0,0.0,2016-10-12 22:44:53,0,0.0,0,0,0,,,0,0,,,,,,0,0,0.0,0.0,0.0,0.0,0.0,0.0,0.0,0.0,0.0,0.0
701410000009GvVAAU,Project,Project,Closed,2014-07-01 00:00:00,2015-06-30 00:00:00,,,,0,0,0,0,0,0,0,0.0,0.0,0,0,0,0,0.0,0.0,0,0.0,0.0,0.0,2016-10-12 22:44:53,0,0.0,0,0,0,,,0,0,,,,,,0,0,0.0,0.0,0.0,0.0,0.0,0.0,0.0,0.0,0.0,0.0
701410000009GvWAAU,Project,Project,Closed,2014-07-01 00:00:00,2015-06-30 00:00:00,,,,0,0,0,0,0,0,0,0.0,0.0,0,0,0,0,0.0,0.0,0,0.0,0.0,0.0,2016-10-12 22:44:53,0,0.0,0,0,0,,,0,0,,,,,,0,0,0.0,0.0,0.0,0.0,0.0,0.0,0.0,0.0,0.0,0.0
701410000009GvXAAU,Project,Project,Closed,2014-07-01 00:00:00,2015-06-30 00:00:00,,,,0,0,0,0,0,0,0,0.0,0.0,0,0,0,0,0.0,0.0,0,0.0,0.0,0.0,2016-10-12 22:44:53,0,0.0,0,0,0,,,0,0,,,,,,0,0,0.0,0.0,0.0,0.0,0.0,0.0,0.0,0.0,0.0,0.0
701410000009GvYAAU,Project,Project,Closed,2014-07-01 00:00:00,2015-06-30 00:00:00,,,,0,0,0,0,0,0,0,0.0,0.0,0,0,0,0,0.0,0.0,0,0.0,0.0,0.0,2016-10-12 22:44:53,0,0.0,0,0,0,,,0,0,,,,,,0,0,0.0,0.0,0.0,0.0,0.0,0.0,0.0,0.0,0.0,0.0
701410000009GvZAAU,Project,Project,Closed,2014-07-01 00:00:00,2015-06-30 00:00:00,,,,0,0,0,0,0,0,0,0.0,0.0,0,0,0,0,0.0,0.0,0,0.0,0.0,0.0,2016-10-12 22:44:53,0,0.0,0,0,0,,,0,0,,,,,,0,0,0.0,0.0,0.0,0.0,0.0,0.0,0.0,0.0,0.0,0.0
701410000009GvaAAE,Project,Project,Closed,2014-07-01 00:00:00,2015-06-30 00:00:00,,,,0,0,0,0,0,0,0,0.0,0.0,0,0,0,0,0.0,0.0,0,0.0,0.0,0.0,2016-10-12 22:44:53,0,0.0,0,0,0,,,0,0,,,,,,0,0,0.0,0.0,0.0,0.0,0.0,0.0,0.0,0.0,0.0,0.0
701410000009GvbAAE,Project,Project,Closed,2014-07-01 00:00:00,2015-06-30 00:00:00,,,,0,0,0,0,0,0,0,0.0,0.0,0,0,0,0,0.0,0.0,0,0.0,0.0,0.0,2016-10-12 22:44:53,0,0.0,0,0,0,,,0,0,,,,,,0,0,0.0,0.0,0.0,0.0,0.0,0.0,0.0,0.0,0.0,0.0
701410000009GvcAAE,Project,Project,Closed,2014-07-01 00:00:00,2015-06-30 00:00:00,,,,0,0,0,0,0,0,0,0.0,0.0,0,0,0,0,0.0,0.0,0,0.0,0.0,0.0,2016-10-12 22:44:53,0,0.0,0,0,0,,,0,0,,,,,,0,0,0.0,0.0,0.0,0.0,0.0,0.0,0.0,0.0,0.0,0.0
701410000009GvdAAE,Project,Project,Closed,2014-07-01 00:00:00,2015-06-30 00:00:00,,,,0,0,0,0,0,0,0,0.0,0.0,0,0,0,0,0.0,0.0,0,0.0,0.0,0.0,2016-10-12 22:44:53,0,0.0,0,0,0,,,0,0,,,,,,0,0,0.0,0.0,0.0,0.0,0.0,0.0,0.0,0.0,0.0,0.0
701410000009GveAAE,Project,Project,Closed,2015-07-01 00:00:00,2016-06-30 00:00:00,,,,0,0,0,0,0,0,0,0.0,0.0,0,0,0,0,0.0,0.0,0,0.0,0.0,0.0,2016-10-12 22:44:53,0,0.0,0,0,0,,,0,0,,,,,,0,0,0.0,0.0,0.0,0.0,0.0,0.0,0.0,0.0,0.0,0.0
701410000009GvfAAE,Project,Project,Closed,2015-07-01 00:00:00,2016-06-30 00:00:00,,,,0,0,0,0,0,0,0,0.0,0.0,0,0,0,0,0.0,0.0,0,0.0,0.0,0.0,2016-10-12 22:44:53,0,0.0,0,0,0,,,0,0,,,,,,0,0,0.0,0.0,0.0,0.0,0.0,0.0,0.0,0.0,0.0,0.0
701410000009GvgAAE,Project,Project,Closed,2015-07-01 00:00:00,2016-06-30 00:00:00,,,,0,0,0,0,0,0,0,0.0,0.0,0,0,0,0,0.0,0.0,0,0.0,0.0,0.0,2016-10-12 22:44:53,0,0.0,0,0,0,,,0,0,,,,,,0,0,0.0,0.0,0.0,0.0,0.0,0.0,0.0,0.0,0.0,0.0
701410000009GvhAAE,Project,Project,Closed,2015-07-01 00:00:00,2016-06-30 00:00:00,,,,0,0,0,0,0,0,0,0.0,0.0,0,0,0,0,0.0,0.0,0,0.0,0.0,0.0,2016-10-12 22:44:53,0,0.0,0,0,0,,,0,0,,,,,,0,0,0.0,0.0,0.0,0.0,0.0,0.0,0.0,0.0,0.0,0.0
701410000009GviAAE,Project,Project,Closed,2015-07-01 00:00:00,2016-06-30 00:00:00,,,,0,0,0,0,0,0,0,0.0,0.0,0,0,0,0,0.0,0.0,0,0.0,0.0,0.0,2016-10-12 22:44:53,0,0.0,0,0,0,,,0,0,,,,,,0,0,0.0,0.0,0.0,0.0,0.0,0.0,0.0,0.0,0.0,0.0
701410000009GvjAAE,Project,Project,Closed,2015-07-01 00:00:00,2016-06-30 00:00:00,,,,0,0,0,0,0,0,0,0.0,0.0,0,0,0,0,0.0,0.0,0,0.0,0.0,0.0,2016-10-12 22:44:53,0,0.0,0,0,0,,,0,0,,,,,,0,0,0.0,0.0,0.0,0.0,0.0,0.0,0.0,0.0,0.0,0.0
701410000009GvkAAE,Project,Project,Closed,2015-07-01 00:00:00,2016-06-30 00:00:00,,,,0,0,0,0,0,0,0,0.0,0.0,0,0,0,0,0.0,0.0,0,0.0,0.0,0.0,2016-10-12 22:44:53,0,0.0,0,0,0,,,0,0,,,,,,0,0,0.0,0.0,0.0,0.0,0.0,0.0,0.0,0.0,0.0,0.0
701410000009GvlAAE,Project,Project,Closed,2015-07-01 00:00:00,2016-06-30 00:00:00,,,,0,0,0,0,0,0,0,0.0,0.0,0,0,0,0,0.0,0.0,0,0.0,0.0,0.0,2016-10-12 22:44:53,0,0.0,0,0,0,,,0,0,,,,,,0,0,0.0,0.0,0.0,0.0,0.0,0.0,0.0,0.0,0.0,0.0
701410000009GvmAAE,Project,Project,Closed,2015-07-01 00:00:00,2016-06-30 00:00:00,,,,0,0,0,0,0,0,0,0.0,0.0,0,0,0,0,0.0,0.0,0,0.0,0.0,0.0,2016-10-12 22:44:53,0,0.0,0,0,0,,,0,0,,,,,,0,0,0.0,0.0,0.0,0.0,0.0,0.0,0.0,0.0,0.0,0.0
701410000009GvnAAE,Project,Project,Closed,2015-07-01 00:00:00,2016-06-30 00:00:00,,,,0,0,0,0,0,0,0,0.0,0.0,0,0,0,0,0.0,0.0,0,0.0,0.0,0.0,2016-10-12 22:44:53,0,0.0,0,0,0,,,0,0,,,,,,0,0,0.0,0.0,0.0,0.0,0.0,0.0,0.0,0.0,0.0,0.0
701410000009GvoAAE,Project,Project,Closed,2015-07-01 00:00:00,2016-06-30 00:00:00,,,,0,0,0,0,0,0,0,0.0,0.0,0,0,0,0,0.0,0.0,0,0.0,0.0,0.0,2016-10-12 22:44:53,0,0.0,0,0,0,,,0,0,,,,,,0,0,0.0,0.0,0.0,0.0,0.0,0.0,0.0,0.0,0.0,0.0
701410000009GvpAAE,Project,Project,Closed,2015-07-01 00:00:00,2016-06-30 00:00:00,,,,0,0,0,0,0,0,0,0.0,0.0,0,0,0,0,0.0,0.0,0,0.0,0.0,0.0,2016-10-12 22:44:53,0,0.0,0,0,0,,,0,0,,,,,,0,0,0.0,0.0,0.0,0.0,0.0,0.0,0.0,0.0,0.0,0.0
701410000009GvqAAE,Project,Project,Closed,2015-07-01 00:00:00,2016-06-30 00:00:00,,,,0,0,0,0,0,0,0,0.0,0.0,0,0,0,0,0.0,0.0,0,0.0,0.0,0.0,2016-10-12 22:44:53,0,0.0,0,0,0,,,0,0,,,,,,0,0,0.0,0.0,0.0,0.0,0.0,0.0,0.0,0.0,0.0,0.0
701410000009GvrAAE,Project,Project,Closed,2015-07-01 00:00:00,2016-06-30 00:00:00,,,,0,0,0,0,0,0,0,0.0,0.0,0,0,0,0,0.0,0.0,0,0.0,0.0,0.0,2016-10-12 22:44:53,0,0.0,0,0,0,,,0,0,,,,,,0,0,0.0,0.0,0.0,0.0,0.0,0.0,0.0,0.0,0.0,0.0
701410000009GvsAAE,Project,Project,Closed,2015-07-01 00:00:00,2016-06-30 00:00:00,,,,0,0,0,0,0,0,0,0.0,0.0,0,0,0,0,0.0,0.0,0,0.0,0.0,0.0,2016-10-12 22:44:53,0,0.0,0,0,0,,,0,0,,,,,,0,0,0.0,0.0,0.0,0.0,0.0,0.0,0.0,0.0,0.0,0.0
701410000009GvtAAE,Project,Project,Closed,2015-07-01 00:00:00,2016-06-30 00:00:00,,,,0,0,0,0,0,0,0,0.0,0.0,0,0,0,0,0.0,0.0,0,0.0,0.0,0.0,2016-10-12 22:44:53,0,0.0,0,0,0,,,0,0,,,,,,0,0,0.0,0.0,0.0,0.0,0.0,0.0,0.0,0.0,0.0,0.0
701410000009GvuAAE,Project,Project,Closed,2015-07-01 00:00:00,2016-06-30 00:00:00,,,,0,0,0,0,0,0,0,0.0,0.0,0,0,0,0,0.0,0.0,0,0.0,0.0,0.0,2016-10-12 22:44:53,0,0.0,0,0,0,,,0,0,,,,,,0,0,0.0,0.0,0.0,0.0,0.0,0.0,0.0,0.0,0.0,0.0
701410000009GvvAAE,Project,Project,Closed,2015-07-01 00:00:00,2016-06-30 00:00:00,,,,0,0,0,0,0,0,0,0.0,0.0,0,0,0,0,0.0,0.0,0,0.0,0.0,0.0,2016-10-12 22:44:53,0,0.0,0,0,0,,,0,0,,,,,,0,0,0.0,0.0,0.0,0.0,0.0,0.0,0.0,0.0,0.0,0.0
701410000009GvwAAE,Project,Project,Closed,2015-07-01 00:00:00,2016-06-30 00:00:00,,,,0,0,0,0,0,0,0,0.0,0.0,0,0,0,0,0.0,0.0,0,0.0,0.0,0.0,2016-10-12 22:44:53,0,0.0,0,0,0,,,0,0,,,,,,0,0,0.0,0.0,0.0,0.0,0.0,0.0,0.0,0.0,0.0,0.0
701410000009GvxAAE,Project,Project,Closed,2015-07-01 00:00:00,2016-06-30 00:00:00,,,,0,0,0,0,0,0,0,0.0,0.0,0,0,0,0,0.0,0.0,0,0.0,0.0,0.0,2016-10-12 22:44:53,0,0.0,0,0,0,,,0,0,,,,,,0,0,0.0,0.0,0.0,0.0,0.0,0.0,0.0,0.0,0.0,0.0
701410000009GvyAAE,Project,Project,Closed,2015-07-01 00:00:00,2016-06-30 00:00:00,,,,0,0,0,0,0,0,0,0.0,0.0,0,0,0,0,0.0,0.0,0,0.0,0.0,0.0,2016-10-12 22:44:53,0,0.0,0,0,0,,,0,0,,,,,,0,0,0.0,0.0,0.0,0.0,0.0,0.0,0.0,0.0,0.0,0.0
701410000009GvzAAE,Project,Project,Closed,2015-07-01 00:00:00,2016-06-30 00:00:00,,,,0,0,0,0,0,0,0,0.0,0.0,0,0,0,0,0.0,0.0,0,0.0,0.0,0.0,2016-10-12 22:44:53,0,0.0,0,0,0,,,0,0,,,,,,0,0,0.0,0.0,0.0,0.0,0.0,0.0,0.0,0.0,0.0,0.0
701410000009Gw0AAE,Project,Project,Closed,2015-07-01 00:00:00,2016-06-30 00:00:00,,,,0,0,0,0,0,0,0,0.0,0.0,0,0,0,0,0.0,0.0,0,0.0,0.0,0.0,2016-10-12 22:44:53,0,0.0,0,0,0,,,0,0,,,,,,0,0,0.0,0.0,0.0,0.0,0.0,0.0,0.0,0.0,0.0,0.0
701410000009Gw1AAE,Project,Project,Closed,2015-07-01 00:00:00,2016-06-30 00:00:00,,,,0,0,0,0,0,0,0,0.0,0.0,0,0,0,0,0.0,0.0,0,0.0,0.0,0.0,2016-10-12 22:44:53,0,0.0,0,0,0,,,0,0,,,,,,0,0,0.0,0.0,0.0,0.0,0.0,0.0,0.0,0.0,0.0,0.0
701410000009Gw2AAE,Project,Project,Closed,2015-07-01 00:00:00,2016-06-30 00:00:00,,,,0,0,0,0,0,0,0,0.0,0.0,0,0,0,0,0.0,0.0,0,0.0,0.0,0.0,2016-10-12 22:44:53,0,0.0,0,0,0,,,0,0,,,,,,0,0,0.0,0.0,0.0,0.0,0.0,0.0,0.0,0.0,0.0,0.0
701410000009Gw3AAE,Project,Project,Closed,2015-07-01 00:00:00,2016-06-30 00:00:00,,,,0,0,0,0,0,0,0,0.0,0.0,0,0,0,0,0.0,0.0,0,0.0,0.0,0.0,2016-10-12 22:44:53,0,0.0,0,0,0,,,0,0,,,,,,0,0,0.0,0.0,0.0,0.0,0.0,0.0,0.0,0.0,0.0,0.0
701410000009Gw4AAE,Project,Project,Closed,2015-07-01 00:00:00,2016-06-30 00:00:00,,,,0,0,0,0,0,0,0,0.0,0.0,0,0,0,0,0.0,0.0,0,0.0,0.0,0.0,2016-10-12 22:44:53,0,0.0,0,0,0,,,0,0,,,,,,0,0,0.0,0.0,0.0,0.0,0.0,0.0,0.0,0.0,0.0,0.0
701410000009Gw5AAE,Project,Project,Closed,2015-07-01 00:00:00,2016-06-30 00:00:00,,,,0,0,0,0,0,0,0,0.0,0.0,0,0,0,0,0.0,0.0,0,0.0,0.0,0.0,2016-10-12 22:44:53,0,0.0,0,0,0,,,0,0,,,,,,0,0,0.0,0.0,0.0,0.0,0.0,0.0,0.0,0.0,0.0,0.0
701410000009Gw6AAE,Project,Project,Closed,2015-07-01 00:00:00,2016-06-30 00:00:00,,,,0,0,0,0,0,0,0,0.0,0.0,0,0,0,0,0.0,0.0,0,0.0,0.0,0.0,2016-10-12 22:44:53,0,0.0,0,0,0,,,0,0,,,,,,0,0,0.0,0.0,0.0,0.0,0.0,0.0,0.0,0.0,0.0,0.0
701410000009PWmAAM,Mail,General,Closed,,2017-02-09 00:00:00,5000.0,,,0,0,0,142,31,31,31,3855.0,3855.0,201,31,31,31,3855.0,3855.0,0,7700.0,0.0,0.0,2016-11-16 22:16:20,0,0.0,0,0,0,,,0,0,,,,,,0,0,0.0,0.0,0.0,0.0,0.0,0.0,0.0,0.0,0.0,0.0
701410000009cjSAAQ,Mail,General,Planning,,,2000.0,,,0,0,0,55,0,0,0,0.0,0.0,55,0,0,0,0.0,0.0,0,2000.0,0.0,0.0,2016-11-30 21:10:03,0,0.0,0,0,0,,,0,0,,,,,,0,0,0.0,0.0,,,,0.0,0.0,0.0,0.0,0.0
701410000009cjXAAQ,Mail,General,Planning,,,700.0,,,0,0,0,4,0,0,0,0.0,0.0,4,0,0,0,0.0,0.0,0,700.0,0.0,0.0,2016-11-30 21:10:37,0,0.0,0,0,0,,,0,0,,,,,,0,0,0.0,0.0,,,,0.0,0.0,0.0,0.0,0.0
701410000009guwAAA,Event,General,Closed,2016-11-17 00:00:00,2016-12-13 00:00:00,,0.0,,0,0,0,2,2,3,3,656.0,656.0,2,2,3,3,656.0,656.0,0,0.0,0.0,0.0,2016-12-13 18:08:49,0,0.0,0,0,0,,,0,0,,,,,,0,0,0.0,0.0,0.0,0.0,0.0,0.0,0.0,0.0,0.0,0.0
701410000009hMkAAI,Project,Project,Documentation Complete,,,,,,0,0,0,0,0,0,0,0.0,0.0,0,0,0,0,0.0,0.0,0,0.0,0.0,0.0,2016-12-14 20:38:16,0,0.0,0,0,0,,,0,0,,,,,,0,0,0.0,0.0,,,,,,0.0,0.0,0.0
701410000009kL8AAI,Project,Project,Awaiting Available Funds,,,,,,0,0,1,0,0,0,0,0.0,0.0,0,0,0,0,0.0,0.0,0,0.0,0.0,0.0,2016-12-21 19:19:30,0,0.0,0,0,0,,,0,0,,,,,,0,0,0.0,0.0,,,,0.0,0.0,0.0,0.0,0.0
701410000009mxHAAQ,Face-to-Face,General,Closed,,2017-02-09 00:00:00,,,,0,0,0,8,8,7,7,7830.0,7830.0,8,8,7,7,7830.0,7830.0,0,0.0,0.0,0.0,2016-12-30 20:47:00,0,0.0,0,0,0,,,0,0,,,,,,0,0,0.0,0.0,0.0,0.0,0.0,0.0,0.0,0.0,0.0,0.0
70141000000TrvPAAS,Event,General,In Progress,,,,,,0,0,0,0,0,3,3,839.22,839.22,0,0,3,3,839.22,839.22,0,0.0,0.0,0.0,2017-10-05 16:59:58,0,0.0,0,0,0,,,0,0,,,,,,0,0,0.0,0.0,,,,0.0,0.0,0.0,0.0,0.0
70141000000a5aYAAQ,Face-to-Face,General,In Progress,2017-01-17 00:00:00,,100000.0,250.0,,40,0,0,9,9,12,12,14000.0,14000.0,9,9,12,12,14000.0,14000.0,0,100000.0,250.0,0.0,2017-02-09 16:17:30,0,0.0,0,0,0,,,0,0,,,,,,0,0,0.0,0.0,,,,0.0,0.0,0.0,0.0,0.0
70141000000aBsIAAU,Face-to-Face,General,Closed,2016-07-01 00:00:00,2017-06-30 00:00:00,6000.0,,,0,0,1,2,2,2,2,700.0,700.0,2,2,2,2,700.0,700.0,0,6000.0,0.0,0.0,2017-02-28 15:54:34,0,0.0,0,0,0,,,0,0,,,,,,0,0,0.0,0.0,0.0,0.0,0.0,0.0,0.0,0.0,0.0,0.0
70141000000fTAMAA2,Event,General,Closed,2018-01-01 00:00:00,2018-03-25 00:00:00,10000.0,,,0,0,0,0,0,0,0,0.0,0.0,0,0,0,0,0.0,0.0,0,10000.0,0.0,0.0,2018-03-29 17:00:01,0,0.0,0,0,0,,,0,0,,,,,,0,0,0.0,0.0,0.0,0.0,0.0,,,0.0,0.0,0.0
70141000000fxvAAAQ,Face-to-Face,General,Planning,2018-07-01 00:00:00,,,,,0,0,1,3,2,4,2,340000.0,270000.0,3,2,4,2,340000.0,270000.0,0,,,,2018-09-14 21:27:05,0,0.0,0,0,0,,,0,0,,,,,,0,0,0.0,0.0,,,,,,0.0,0.0,0.0
70141000000g0ZzAAI,Event,General,Closed,2018-01-01 00:00:00,2018-03-25 00:00:00,,,,0,0,0,43,43,47,47,13990.0,13990.0,43,43,47,47,13990.0,13990.0,0,0.0,0.0,0.0,2018-10-01 17:50:53,0,0.0,0,0,0,,,0,0,,,,,,0,0,0.0,0.0,0.0,0.0,0.0,,,0.0,0.0,0.0
70141000000g3BxAAI,Event,General,Planning,2018-10-08 00:00:00,2018-12-05 00:00:00,7500.0,2000.0,,0,0,1,1,0,1,0,2500.0,0.0,1,0,1,0,2500.0,0.0,0,7500.0,2000.0,,2018-10-08 16:52:44,0,0.0,0,0,0,,,0,0,,,,,,0,0,0.0,0.0,,,,,,0.0,0.0,0.0
70141000000g3TXAAY,Face-to-Face,General,In Progress,2018-07-01 00:00:00,2019-06-30 00:00:00,,,,0,0,1,9,6,241,241,16171.0,16171.0,9,6,241,241,16171.0,16171.0,0,0.0,0.0,0.0,2018-10-09 15:13:21,0,0.0,0,0,0,,,0,0,,,,,,0,0,0.0,0.0,,,,,,0.0,0.0,0.0
70141000000g3WbAAI,Email,General,In Progress,2018-07-01 00:00:00,2019-06-30 00:00:00,,,,0,0,0,3,3,54,54,604.48,604.48,3,3,54,54,604.48,604.48,0,,,,2018-10-09 16:00:42,0,0.0,0,0,0,,,0,0,,,,,,0,0,0.0,0.0,,,,,,0.0,0.0,0.0
70141000000g4sxAAA,Mail,General,In Progress,2018-11-01 00:00:00,2019-01-15 00:00:00,6000.0,400.0,,0,608,1,41,41,42,42,7000.0,7000.0,210,55,56,56,9240.0,9240.0,608,6000.0,400.0,0.0,2018-10-17 02:13:32,0,0.0,0,0,0,,,0,0,,,,,,0,0,0.0,0.0,,,,,,0.0,0.0,0.0
70141000000g4t2AAA,Mail,General,Planning,,,,,,0,0,0,155,0,0,0,0.0,0.0,155,0,0,0,0.0,0.0,0,0.0,0.0,0.0,2018-10-17 02:20:23,0,0.0,0,0,0,,,0,0,,,,,,0,0,0.0,0.0,,,,,,0.0,0.0,0.0
70141000000g4t7AAA,Mail,General,Planning,2018-11-15 00:00:00,2019-01-15 00:00:00,,,,0,0,1,0,0,0,0,0.0,0.0,0,0,0,0,0.0,0.0,0,0.0,0.0,0.0,2018-10-17 02:26:15,0,0.0,0,0,0,,,0,0,,,,,,0,0,0.0,0.0,,,,,,0.0,0.0,0.0
70141000000pdS4AAI,Virtual,General,Closed,,2017-10-17 00:00:00,,,,0,0,0,5,5,6,6,350.0,350.0,5,5,6,6,350.0,350.0,0,0.0,0.0,0.0,2017-08-29 15:46:16,0,0.0,0,0,0,,,0,0,,,,,,0,0,0.0,0.0,0.0,0.0,0.0,0.0,0.0,0.0,0.0,0.0
70141000000uieKAAQ,Project,Project,Work Complete,2018-04-21 00:00:00,2018-04-21 00:00:00,,,,0,0,0,0,0,0,0,0.0,0.0,0,0,0,0,0.0,0.0,0,0.0,0.0,0.0,2018-04-11 21:37:52,0,0.0,1,0,0,,,0,0,2018-04-21 00:00:00,SHHIP,Draft,service_app_33,,0,0,0.0,0.0,,,,10.0,7500.0,0.0,0.0,0.0
70141000000urfaAAA,Email,General,Closed,2018-05-02 00:00:00,2018-05-03 00:00:00,4000.0,,,0,0,0,62,61,66,66,5200.0,5200.0,62,61,66,66,5200.0,5200.0,0,4000.0,0.0,0.0,2018-05-03 21:52:41,0,0.0,0,0,0,,,0,0,,,,,,0,0,0.0,0.0,0.0,0.0,0.0,,,0.0,0.0,0.0
701410000015gypAAA,Email,General,Planning,2017-11-01 00:00:00,2017-11-28 00:00:00,,,,0,0,1,21,13,14,14,3094.83,3094.83,21,13,14,14,3094.83,3094.83,0,0.0,0.0,0.0,2017-10-18 01:19:35,0,0.0,0,0,0,,,0,0,,,,,,0,0,0.0,0.0,,,,0.0,0.0,0.0,0.0,0.0
701410000015kuRAAQ,Mail,General,Planning,2017-11-10 00:00:00,2017-12-31 00:00:00,,,,0,0,1,148,7,8,8,1925.0,1925.0,148,7,8,8,1925.0,1925.0,0,0.0,0.0,0.0,2017-11-01 02:02:53,0,0.0,0,0,0,,,0,0,,,,,,0,0,0.0,0.0,,,,0.0,0.0,0.0,0.0,0.0
701410000015omsAAA,Event,General,Planning,2017-07-01 00:00:00,2018-06-30 00:00:00,15000.0,0.0,0.0,0,14,0,1,1,1,1,250.0,250.0,1,1,1,1,250.0,250.0,14,15000.0,0.0,0.0,2017-11-10 20:13:09,0,0.0,0,0,0,,,0,0,,,,,,0,0,0.0,0.0,,,,0.0,0.0,0.0,0.0,0.0
701410000015qbrAAA,Mail,General,Closed,,2025-05-14 00:00:00,,,,0,0,0,35,2,2,2,75.0,75.0,35,2,2,2,75.0,75.0,0,0.0,0.0,0.0,2017-11-19 21:53:50,0,0.0,0,0,0,,,0,0,,,,,,0,0,0.0,0.0,0.0,0.0,0.0,0.0,0.0,0.0,0.0,0.0
701410000015qbwAAA,Mail,General,In Progress,2017-11-20 00:00:00,2018-01-15 00:00:00,6000.0,400.0,,0,0,1,3,3,3,3,400.0,400.0,207,25,27,27,5494.83,5494.83,0,6000.0,400.0,0.0,2017-11-19 21:54:53,0,0.0,0,0,0,,,0,0,,,,,,0,0,0.0,0.0,,,,0.0,0.0,0.0,0.0,0.0
701410000016Ft1AAE,Face-to-Face,General,Closed,2018-01-01 00:00:00,2018-12-31 00:00:00,,,,0,0,0,9,6,9,6,80000.0,52500.0,9,6,9,6,80000.0,52500.0,0,0.0,0.0,0.0,2018-02-02 19:01:43,0,0.0,0,0,0,,,0,0,,,,,,0,0,0.0,0.0,0.0,0.0,0.0,47.0,37500.0,0.0,0.0,0.0
7014M000000WAsdQAG,Virtual,General,Closed,2020-07-01 00:00:00,2020-08-31 00:00:00,,,,0,0,0,0,0,0,0,0.0,0.0,0,0,0,0,0.0,0.0,0,0.0,0.0,0.0,2020-08-05 19:37:03,0,0.0,0,0,0,,,0,0,,,,,,0,0,0.0,0.0,0.0,0.0,0.0,,,0.0,0.0,0.0
7014M000000WAsiQAG,Virtual,General,In Progress,2020-07-01 00:00:00,2021-06-30 00:00:00,,,,0,0,0,34,28,174,134,16923.23,16423.23,101,95,241,201,23038.23,22538.23,0,4900.0,0.0,0.0,2020-08-05 19:38:06,0,0.0,0,0,0,,,0,0,,,,,,0,0,0.0,0.0,,,,,,0.0,0.0,0.0
7014M000000WEsmQAG,Project,Project,Closed,2020-08-28 00:00:00,2020-08-29 00:00:00,,,,0,0,0,13,13,0,0,0.0,0.0,13,13,0,0,0.0,0.0,0,0.0,0.0,0.0,2020-09-01 17:09:08,13,92.0,1,0,0,,,0,0,,SHHIP,,service_app_5,,11,2,82.0,10.0,0.0,0.0,0.0,,,0.0,0.0,0.0
7014M000000WFXDQA4,Project,Volunteer Campaign,In Progress,2020-06-26 00:00:00,2020-09-04 00:00:00,,,,0,0,1,3,3,0,0,0.0,0.0,3,3,0,0,0.0,0.0,0,0.0,0.0,0.0,2020-09-04 20:24:57,3,22.0,1,0,0,,,0,0,,SHHIP,,,,1,2,11.0,11.0,0.0,0.0,0.0,,,0.0,0.0,0.0
7014M000000WFXIQA4,Project,Volunteer Campaign,In Progress,2020-06-01 00:00:00,,,,,0,0,1,1,1,0,0,0.0,0.0,1,1,0,0,0.0,0.0,0,0.0,0.0,0.0,2020-09-04 20:33:09,1,55.5,1,0,0,,,0,0,,,,,,0,1,0.0,55.5,,,,,,0.0,0.0,0.0
7014M000000WFdBQAW,Virtual,General,In Progress,2020-08-27 00:00:00,,,,,0,0,0,15,15,15,15,750.0,750.0,15,15,15,15,750.0,750.0,0,,,,2020-09-08 18:10:45,0,0.0,0,0,0,,,0,0,,,,,,0,0,0.0,0.0,,,,,,0.0,0.0,0.0
7014M000000WR0VQAW,Project,Volunteer Campaign,Closed,2020-11-21 00:00:00,2020-11-21 00:00:00,,,,0,0,0,16,16,0,0,0.0,0.0,16,16,0,0,0.0,0.0,0,0.0,0.0,0.0,2020-12-04 20:45:59,16,64.0,1,0,0,,,0,0,,,,,,0,16,0.0,64.0,0.0,0.0,0.0,,,0.0,0.0,0.0
7014M000000WR0WQAW,Project,Volunteer Campaign,Closed,2020-11-13 00:00:00,2020-11-14 00:00:00,,,,0,0,0,12,12,0,0,0.0,0.0,12,12,0,0,0.0,0.0,0,0.0,0.0,0.0,2020-12-04 20:51:12,12,52.0,1,0,0,,,0,0,,,,,,0,12,0.0,52.0,0.0,0.0,0.0,,,0.0,0.0,0.0
7014M000000WR0aQAG,Volunteer,Project,Closed,2020-11-07 00:00:00,2020-11-07 00:00:00,,,,0,0,0,9,9,0,0,0.0,0.0,9,9,0,0,0.0,0.0,0,0.0,0.0,0.0,2020-12-04 20:49:43,9,44.0,1,0,0,,,0,0,2020-11-07 00:00:00,SHHIP,,service_app_21,,0,9,0.0,44.0,0.0,0.0,0.0,,,0.0,0.0,0.0
7014M000000WR0fQAG,Project,Volunteer Campaign,Closed,2020-10-09 00:00:00,2020-10-09 00:00:00,,,,0,0,0,4,4,0,0,0.0,0.0,4,4,0,0,0.0,0.0,0,0.0,0.0,0.0,2020-12-04 20:52:41,4,16.0,1,0,0,,,0,0,,,,,,0,4,0.0,16.0,0.0,0.0,0.0,,,0.0,0.0,0.0
7014M000000WS0RQAW,Virtual,General,Closed,2020-12-02 00:00:00,2020-12-02 00:00:00,2500.0,,,0,0,0,27,27,27,27,2425.0,2425.0,27,27,27,27,2425.0,2425.0,0,2500.0,0.0,0.0,2020-12-10 21:49:19,0,0.0,0,0,0,,,0,0,,,,,,0,0,0.0,0.0,0.0,0.0,0.0,,,0.0,0.0,0.0
7014M000000WS0gQAG,Mail,General,Planning,2020-12-01 00:00:00,2021-01-30 00:00:00,7000.0,,400.0,20,325,1,14,14,13,13,3450.0,3450.0,28,28,28,28,5215.0,5215.0,424,9000.0,0.0,500.0,2020-12-10 22:24:09,0,0.0,0,0,0,,,0,0,,,,,,0,0,0.0,0.0,,,,,,0.0,0.0,0.0
7014M000000WS0hQAG,Mail,General,In Progress,2020-12-03 00:00:00,2021-01-09 00:00:00,2000.0,,100.0,25,99,1,14,14,15,15,1765.0,1765.0,14,14,15,15,1765.0,1765.0,99,2000.0,,100.0,2020-12-10 22:24:13,0,0.0,0,0,0,,,0,0,,,,,,0,0,0.0,0.0,,,,,,0.0,0.0,0.0
7014M000000WTmbQAG,Face-to-Face,General,Closed,,2021-08-05 00:00:00,,,,0,0,0,2,2,2,2,5184.0,5184.0,2,2,2,2,5184.0,5184.0,0,0.0,0.0,0.0,2020-12-22 02:26:55,0,0.0,0,0,0,,,0,0,,,,,,0,0,0.0,0.0,0.0,0.0,0.0,,,0.0,0.0,0.0
7014M000001Q3CGQA0,Project,Project,Work Complete,2019-09-21 00:00:00,2019-09-21 00:00:00,,,,0,0,0,5,0,0,0,0.0,0.0,5,0,0,0,0.0,0.0,0,0.0,0.0,0.0,2019-09-23 17:43:32,5,21.0,1,0,0,,,0,0,2019-09-21 00:00:00,SHHIP,,service_app_81,,0,5,0.0,21.0,,,,,,0.0,0.0,0.0
7014M000001Q6ycQAC,Project,Project,Work Complete,2019-08-07 00:00:00,2019-08-07 00:00:00,,,,0,0,0,3,0,0,0,0.0,0.0,3,0,0,0,0.0,0.0,0,0.0,0.0,0.0,2019-10-16 19:46:11,3,12.0,1,0,0,,,0,0,2019-08-07 00:00:00,HES,,service_app_54,,0,3,0.0,12.0,,,,,,0.0,0.0,0.0
7014M000001Q6ydQAC,Project,Project,Work Complete,2019-10-12 00:00:00,2019-10-12 00:00:00,,,,0,0,0,21,0,0,0,0.0,0.0,21,0,0,0,0.0,0.0,0,0.0,0.0,0.0,2019-10-16 19:46:50,21,84.0,1,0,0,,,0,0,2019-10-12 00:00:00,SHHIP,,service_app_2,,0,21,0.0,84.0,,,,,,0.0,0.0,0.0
7014M000001Q8RQQA0,Virtual,General,In Progress,,2020-06-30 00:00:00,,,,0,0,1,17,16,62,62,4865.0,4865.0,119,118,162,162,19642.7,19642.7,1436,17000.0,2125.0,0.0,2019-10-25 19:01:27,0,0.0,0,0,0,,,0,0,,,,,,0,0,0.0,0.0,0.0,0.0,0.0,,,0.0,0.0,0.0
7014M000001QAr6QAG,Project,Project,Work Complete,2019-11-08 00:00:00,2019-11-08 00:00:00,,,,0,0,0,7,0,0,0,0.0,0.0,7,0,0,0,0.0,0.0,0,0.0,0.0,0.0,2019-11-18 18:21:23,7,38.5,1,0,0,,,0,0,2019-11-08 00:00:00,,,service_app_5,,0,7,0.0,38.5,,,,,,0.0,0.0,0.0
7014M000001QBuuQAG,Mail,General,In Progress,2019-11-21 00:00:00,2020-01-31 00:00:00,10000.0,2000.0,,30,330,1,14,14,11,11,2585.0,2585.0,49,49,46,46,10280.0,10280.0,1436,17000.0,2125.0,0.0,2019-12-02 20:06:20,0,0.0,0,0,0,,,0,0,,,,,,0,0,0.0,0.0,,,,,,0.0,0.0,0.0
7014M000001QBuzQAG,Virtual,General,In Progress,2019-11-27 00:00:00,2019-12-04 00:00:00,4000.0,0.0,0.0,3,1000,1,26,26,26,26,5195.0,5195.0,26,26,26,26,5195.0,5195.0,1000,4000.0,0.0,0.0,2019-12-02 20:09:22,0,0.0,0,0,0,,,0,0,,,,,,0,0,0.0,0.0,,,,,,0.0,0.0,0.0
7014M000001QBv4QAG,Mail,General,In Progress,2019-11-21 00:00:00,2020-01-31 00:00:00,3000.0,125.0,,7,106,1,9,9,9,9,2500.0,2500.0,9,9,9,9,2500.0,2500.0,106,3000.0,125.0,,2019-12-02 20:12:30,0,0.0,0,0,0,,,0,0,,,,,,0,0,0.0,0.0,,,,,,0.0,0.0,0.0
7014M000001QCQWQA4,Project,Project,Work Complete,,2019-10-26 00:00:00,,,,0,0,0,3,0,0,0,0.0,0.0,3,0,0,0,0.0,0.0,0,0.0,0.0,0.0,2019-12-06 20:05:18,8,20.0,1,0,0,,,0,0,2019-10-26 00:00:00,SHHIP,,service_app_30,,0,8,0.0,20.0,,,,,,0.0,0.0,0.0
7014M000001QCQbQAO,Volunteer,Project,Work Complete,2019-12-07 00:00:00,2019-12-07 00:00:00,,,,0,0,0,11,0,0,0,0.0,0.0,11,0,0,0,0.0,0.0,0,0.0,0.0,0.0,2019-12-06 20:14:36,11,88.0,1,0,0,,,0,0,2019-12-07 00:00:00,,,service_app_30,,0,11,0.0,88.0,,,,,,0.0,0.0,0.0
7014M000001QJUlQAO,Project,Project,Work Complete,2020-01-31 00:00:00,2020-01-31 00:00:00,,,,0,0,0,6,0,0,0,0.0,0.0,6,0,0,0,0.0,0.0,0,0.0,0.0,0.0,2020-02-06 19:40:26,6,26.0,1,0,0,,,0,0,2020-01-31 00:00:00,SHHIP,,,,2,4,9.0,17.0,,,,,,0.0,0.0,0.0
7014M000001QNVTQA4,Virtual,General,In Progress,2020-03-03 00:00:00,2020-03-31 00:00:00,,0.0,,0,0,0,14,14,16,16,4867.16,4867.16,14,14,16,16,4867.16,4867.16,0,,0.0,,2020-03-17 19:27:45,0,0.0,0,0,0,,,0,0,,,,,,0,0,0.0,0.0,,,,,,0.0,0.0,0.0
7014M000001Tct2QAC,Project,Project,Closed,2022-11-08 00:00:00,2023-02-09 00:00:00,,,,0,0,1,0,0,0,0,0.0,0.0,9,9,0,0,0.0,0.0,0,0.0,0.0,0.0,2022-12-16 15:47:41,0,0.0,0,0,0,,,0,0,,SHHIP,,service_app_114,,0,0,0.0,0.0,0.0,0.0,0.0,,31149.67,0.0,0.0,0.0
7014M000001Tg0IQAS,Volunteer,Project,In Progress,2021-12-04 00:00:00,2021-12-04 00:00:00,,,,0,0,0,9,9,0,0,0.0,0.0,9,9,0,0,0.0,0.0,0,0.0,0.0,0.0,2023-01-17 18:28:40,9,36.0,1,0,0,,,0,0,,Community Space,,service_app_128,,0,9,0.0,36.0,,,,,,0.0,0.0,0.0
7014M000001Tg5XQAS,Project,Project,Work Complete,2021-11-10 00:00:00,2021-11-10 00:00:00,,,,0,0,0,11,11,0,0,0.0,0.0,11,11,0,0,0.0,0.0,0,0.0,0.0,0.0,2023-01-18 18:16:17,11,55.0,1,0,0,,,0,0,,SHHIP,,service_app_90,,0,11,0.0,55.0,,,,,,0.0,0.0,0.0
7014M000001Tg5hQAC,Project,Project,Work Complete,2021-09-10 00:00:00,2021-09-11 00:00:00,,,,0,0,1,9,9,0,0,0.0,0.0,9,9,0,0,0.0,0.0,0,0.0,0.0,0.0,2023-01-18 19:27:05,9,55.5,1,2,0,,,0,0,,SHHIP,,service_app_160,,9,0,55.5,0.0,,,,,,0.0,0.0,0.0
7014M000001Tg6fQAC,Project,Project,Work Complete,2021-10-23 00:00:00,2021-10-23 00:00:00,,,,0,0,0,11,11,0,0,0.0,0.0,11,11,0,0,0.0,0.0,0,0.0,0.0,0.0,2023-01-18 22:48:17,11,71.5,1,0,0,,,0,0,,Community Space,,service_app_126,,0,11,0.0,71.5,,,,,,0.0,0.0,0.0
7014M000001TgAcQAK,Volunteer,Project,Work Complete,2021-11-05 00:00:00,2021-11-05 00:00:00,,,,0,0,1,15,15,0,0,0.0,0.0,15,15,0,0,0.0,0.0,0,0.0,0.0,0.0,2023-01-19 15:49:54,15,60.0,1,2,0,,,0,0,2021-11-05 00:00:00,Community Space,,service_app_127,,0,15,0.0,60.0,,,,,,0.0,0.0,0.0
7014M000001ThPTQA0,Project,Project,Closed,2022-03-28 00:00:00,2022-05-23 00:00:00,,,,0,0,1,0,0,0,0,0.0,0.0,0,0,0,0,0.0,0.0,0,0.0,0.0,0.0,2023-02-01 14:33:42,0,0.0,0,0,0,,,1,1,,SHHIP,Signed,service_app_96,,0,0,0.0,0.0,0.0,0.0,0.0,,17455.48,0.0,0.0,0.0
7014M000001ThPYQA0,Project,Project,Closed,2022-05-09 00:00:00,2022-08-15 00:00:00,,,,0,0,1,0,0,0,0,0.0,0.0,0,0,0,0,0.0,0.0,0,0.0,0.0,0.0,2023-02-01 14:43:55,0,0.0,0,0,0,,,1,1,,SHHIP,Signed,service_app_102,,0,0,0.0,0.0,0.0,0.0,0.0,,21006.28,0.0,0.0,0.0
7014M000001ThPdQAK,Project,Project,Closed,2022-04-18 00:00:00,2022-07-29 00:00:00,,,,0,0,1,0,0,0,0,0.0,0.0,6,6,0,0,0.0,0.0,0,0.0,0.0,0.0,2023-02-01 14:52:04,0,0.0,0,0,0,,,1,1,,SHHIP,Signed,service_app_167,,0,0,0.0,0.0,0.0,0.0,0.0,,16771.9,0.0,0.0,0.0
7014M000001ThPiQAK,Project,Project,Closed,2022-09-09 00:00:00,2023-10-03 00:00:00,,,,0,0,0,0,0,0,0,0.0,0.0,0,0,0,0,0.0,0.0,0,0.0,0.0,0.0,2023-02-01 15:04:49,0,0.0,0,0,0,,,1,1,,SHHIP,Signed,service_app_111,,0,0,0.0,0.0,0.0,0.0,0.0,,31995.6,0.0,0.0,0.0
7014M000001ThPnQAK,Project,Project,Closed,2022-06-06 00:00:00,2022-10-03 00:00:00,,,,0,0,1,0,0,0,0,0.0,0.0,0,0,0,0,0.0,0.0,0,0.0,0.0,0.0,2023-02-01 15:14:43,0,0.0,0,0,0,,,1,1,,SHHIP,Signed,service_app_97,,0,0,0.0,0.0,0.0,0.0,0.0,,36482.88,0.0,0.0,0.0
7014M000001ThPsQAK,Project,Project,Closed,2022-07-21 00:00:00,2022-10-03 00:00:00,,,,0,0,0,0,0,0,0,0.0,0.0,8,8,0,0,0.0,0.0,0,0.0,0.0,0.0,2023-02-01 15:20:37,0,0.0,0,0,0,,,1,1,,SHHIP,Signed,service_app_110,,0,0,0.0,0.0,0.0,0.0,0.0,,29771.42,0.0,0.0,0.0
7014M000001ThPtQAK,Project,Project,Closed,2022-04-25 00:00:00,2022-08-15 00:00:00,,,,0,0,0,0,0,0,0,0.0,0.0,0,0,0,0,0.0,0.0,0,0.0,0.0,0.0,2023-02-01 15:31:22,0,0.0,0,0,0,,,1,1,,SHHIP,Signed,service_app_98,,0,0,0.0,0.0,0.0,0.0,0.0,,39480.21,0.0,0.0,0.0
7014M000001ThR0QAK,Project,Project,Planning,2023-02-01 00:00:00,,,,,0,0,1,0,0,0,0,0.0,0.0,0,0,0,0,0.0,0.0,0,0.0,0.0,0.0,2023-02-01 22:05:35,0,0.0,0,0,0,,,0,0,,SHHIP,,service_app_173,,0,0,0.0,0.0,,,,,,0.0,0.0,0.0
7014M000001TiEMQA0,Project,Project,Work Complete,2023-02-06 00:00:00,2023-05-12 00:00:00,,,,0,0,0,0,0,0,0,0.0,0.0,0,0,0,0,0.0,0.0,0,0.0,0.0,0.0,2023-02-06 21:07:53,0,0.0,0,0,0,,,0,0,,SHHIP,,service_app_174,,0,0,0.0,0.0,,,,,17690.4,0.0,0.0,0.0
7014M000001TiEWQA0,Volunteer,Project,Work Complete,2023-01-16 00:00:00,,,,,0,0,1,0,0,0,0,0.0,0.0,0,0,0,0,0.0,0.0,0,0.0,0.0,0.0,2023-02-06 21:17:00,7,14.0,1,1,1,,,0,0,2023-01-16 00:00:00,SHHIP,,service_app_101,,0,7,0.0,14.0,,,,,,0.0,0.0,0.0
7014M000001TiEbQAK,Contractor,Project,Planning,2023-02-06 00:00:00,,,,,0,0,1,0,0,0,0,0.0,0.0,0,0,0,0,0.0,0.0,0,0.0,0.0,0.0,2023-02-06 22:26:32,0,0.0,0,0,0,,,0,0,,Community Space,,service_app_123,,0,0,0.0,0.0,,,,,,0.0,0.0,0.0
7014M000001TiSJQA0,Project,Project,Work Complete,2023-02-08 00:00:00,,,,,0,0,1,0,0,0,0,0.0,0.0,0,0,0,0,0.0,0.0,0,0.0,0.0,0.0,2023-02-08 21:18:35,0,0.0,0,0,0,,,0,1,,SHHIP,Signed,service_app_121,,0,0,0.0,0.0,,,,,20123.91,0.0,0.0,0.0
7014M000001TiU5QAK,Project,Project,Closed,2022-07-15 00:00:00,2022-11-18 00:00:00,,,,0,0,1,0,0,0,0,0.0,0.0,0,0,0,0,0.0,0.0,0,0.0,0.0,0.0,2023-02-09 16:04:25,0,0.0,0,0,0,,,1,1,,SHHIP,Signed,service_app_104,,0,0,0.0,0.0,0.0,0.0,0.0,,16416.06,0.0,0.0,0.0
7014M000001TiUAQA0,Project,Project,Closed,2022-08-16 00:00:00,2022-11-17 00:00:00,,,,0,0,1,0,0,0,0,0.0,0.0,0,0,0,0,0.0,0.0,0,0.0,0.0,0.0,2023-02-09 16:07:45,0,0.0,0,0,0,,,1,1,,SHHIP,Signed,service_app_99,,0,0,0.0,0.0,0.0,0.0,0.0,,26258.72,0.0,0.0,0.0
7014M000001TiUFQA0,Project,Project,Closed,2022-08-31 00:00:00,2023-01-13 00:00:00,,,,0,0,1,0,0,0,0,0.0,0.0,0,0,0,0,0.0,0.0,0,0.0,0.0,0.0,2023-02-09 16:13:10,0,0.0,0,0,0,,,1,1,,SHHIP,Signed,service_app_103,,0,0,0.0,0.0,0.0,0.0,0.0,,32144.74,0.0,0.0,0.0
7014M000001TiUKQA0,Project,Project,Closed,2022-12-05 00:00:00,2023-03-24 00:00:00,,,,0,0,1,0,0,0,0,0.0,0.0,0,0,0,0,0.0,0.0,0,0.0,0.0,0.0,2023-02-09 16:33:58,0,0.0,0,0,0,,,0,1,,SHHIP,Signed,service_app_117,,0,0,0.0,0.0,0.0,0.0,0.0,,18835.96,0.0,0.0,0.0
7014M000001TiUPQA0,Project,Project,Closed,2023-01-27 00:00:00,2023-03-31 00:00:00,,,,0,0,1,0,0,0,0,0.0,0.0,0,0,0,0,0.0,0.0,0,0.0,0.0,0.0,2023-02-09 16:37:37,0,0.0,0,0,0,,,0,0,,SHHIP,,service_app_120,,0,0,0.0,0.0,0.0,0.0,0.0,,25271.79,0.0,0.0,0.0
7014M000001TkaAQAS,Volunteer,Project,Work Complete,2023-03-21 00:00:00,2023-03-21 00:00:00,,,,0,0,0,9,0,0,0,0.0,0.0,9,0,0,0,0.0,0.0,0,0.0,0.0,0.0,2023-02-28 14:56:28,9,45.0,1,1,1,,,0,0,2023-03-21 00:00:00,SHHIP,,service_app_120,,0,9,0.0,45.0,,,,,,0.0,0.0,0.0
7014M000001Tl3vQAC,Volunteer,Project,Work Complete,2023-03-29 00:00:00,2023-03-29 00:00:00,,,,0,0,0,16,0,0,0,0.0,0.0,16,0,0,0,0.0,0.0,0,0.0,0.0,0.0,2023-03-06 19:20:21,12,54.0,1,1,0,,,0,0,2023-03-29 00:00:00,SHHIP,,service_app_173,,0,12,0.0,54.0,,,,,17547.97,0.0,0.0,0.0
7014M000001Tn5eQAC,Volunteer,Project,Work Complete,2023-04-14 00:00:00,2023-04-14 00:00:00,,,,0,0,0,12,0,0,0,0.0,0.0,12,0,0,0,0.0,0.0,0,0.0,0.0,0.0,2023-03-27 17:20:30,12,42.0,1,1,0,,,0,0,2023-04-14 00:00:00,SHHIP,,service_app_121,,0,12,0.0,42.0,,,,,,0.0,0.0,0.0
7014M000001U67MQAS,Project,Project,Work Complete,2023-05-01 00:00:00,2023-06-28 00:00:00,,,,0,0,0,0,0,0,0,0.0,0.0,0,0,0,0,0.0,0.0,0,0.0,0.0,0.0,2023-07-18 13:53:44,0,0.0,0,0,0,,,0,0,,SHHIP,,service_app_193,,0,0,0.0,0.0,,,,,20825.76,0.0,0.0,0.0
7014M000001U67WQAS,Project,Project,Work Complete,2023-04-07 00:00:00,2023-06-28 00:00:00,,,,0,0,0,0,0,0,0,0.0,0.0,0,0,0,0,0.0,0.0,0,0.0,0.0,0.0,2023-07-18 14:02:38,0,0.0,0,0,0,,,0,0,,SHHIP,,service_app_122,,0,0,0.0,0.0,,,,,32164.28,0.0,0.0,0.0
7014M000001U67bQAC,Project,Project,Planning,2023-04-28 00:00:00,2023-06-05 00:00:00,,,,0,0,1,0,0,0,0,0.0,0.0,0,0,0,0,0.0,0.0,0,0.0,0.0,0.0,2023-07-18 14:15:47,0,0.0,0,0,0,,,0,0,,SHHIP,,service_app_191,,0,0,0.0,0.0,,,,,13730.55,0.0,0.0,0.0
7014M000001U6ABQA0,Virtual,General,Closed,2023-07-01 00:00:00,2024-06-30 00:00:00,,,,0,0,0,2,2,6,6,201889.37,201889.37,143,141,300,275,1123126.23,1122076.23,0,0.0,0.0,0.0,2023-07-18 18:48:31,0,0.0,0,0,0,,,0,0,,,,,,0,0,0.0,0.0,0.0,0.0,0.0,0.0,0.0,0.0,0.0,0.0
7014M000001U6AGQA0,Virtual,General,In Progress,2023-07-01 00:00:00,2024-06-30 00:00:00,,,,0,0,0,8,8,23,23,748500.0,748500.0,8,8,23,23,748500.0,748500.0,0,0.0,0.0,0.0,2023-07-18 18:53:22,0,0.0,0,0,0,,,0,0,,,,,,0,0,0.0,0.0,,,,,,0.0,0.0,0.0
7014M000001U6AHQA0,Event,General,In Progress,2023-07-01 00:00:00,2024-06-30 00:00:00,,,,0,0,0,33,33,69,69,38738.65,38738.65,91,91,131,131,44121.09,44121.09,0,0.0,0.0,0.0,2023-07-18 18:55:03,0,0.0,0,0,0,,,0,0,,,,,,0,0,0.0,0.0,,,,,15000.0,0.0,0.0,0.0
7014M000001U6AIQA0,Virtual,General,In Progress,2023-07-01 00:00:00,2024-06-30 00:00:00,,,,0,0,0,6,6,12,12,110928.04,110928.04,6,6,12,12,110928.04,110928.04,0,0.0,0.0,0.0,2023-07-18 18:56:29,0,0.0,0,0,0,,,0,0,,,,,,0,0,0.0,0.0,,,,0.0,0.0,0.0,0.0,0.0
7014M000001U6ALQA0,Mail,General,Closed,2023-07-01 00:00:00,2024-06-30 00:00:00,,,,0,0,0,29,28,115,90,16019.3,14969.3,29,28,115,90,16019.3,14969.3,0,0.0,0.0,0.0,2023-07-18 18:57:38,0,0.0,0,0,0,,,0,0,,,,,,0,0,0.0,0.0,0.0,0.0,0.0,,,0.0,0.0,0.0
7014M000001U6AMQA0,Face-to-Face,General,In Progress,2023-07-01 00:00:00,2024-06-30 00:00:00,,,,0,0,0,7,6,13,13,1668.43,1668.43,7,6,13,13,1668.43,1668.43,0,0.0,0.0,0.0,2023-07-18 18:59:52,0,0.0,0,0,0,,,0,0,,,,,,0,0,0.0,0.0,,,,,,0.0,0.0,0.0
7014M000001U6JDQA0,Give Lively Campaign,Project,In Progress,,,,,,0,0,1,1,1,1,1,255.93,255.93,1,1,1,1,255.93,255.93,0,0.0,0.0,0.0,2023-07-19 20:31:26,0,0.0,0,0,0,,,0,0,,,,,,0,0,0.0,0.0,,,,,,0.0,0.0,0.0
7014M000001U6JIQA0,Give Lively Campaign,Project,In Progress,,,35000.0,,,0,0,1,89,89,142,142,17948.55,17948.55,89,89,142,142,17948.55,17948.55,0,35000.0,0.0,0.0,2023-07-19 20:31:29,0,0.0,0,0,0,,,0,0,,,,,,0,0,0.0,0.0,,,,,,0.0,0.0,0.0
7014M000001XTYBQA4,Virtual,General,Closed,2021-05-05 00:00:00,2021-05-06 00:00:00,2400.0,,,0,0,0,25,25,25,25,2940.0,2940.0,25,25,25,25,2940.0,2940.0,0,2400.0,0.0,0.0,2021-05-07 20:20:00,0,0.0,0,0,0,,,0,0,,,,,,0,0,0.0,0.0,0.0,0.0,0.0,,,0.0,0.0,0.0
7014M000001XYZ4QAO,Event,General,Closed,2021-05-21 00:00:00,2021-05-21 00:00:00,,,,0,0,0,6,6,18,18,2435.0,2435.0,6,6,18,18,2435.0,2435.0,0,0.0,0.0,0.0,2021-06-08 18:51:17,0,0.0,0,0,0,,,0,0,,,,,,0,0,0.0,0.0,0.0,0.0,0.0,,,0.0,0.0,0.0
7014M000001XhnUQAS,Project,Project,Closed,2021-07-06 00:00:00,2021-07-31 00:00:00,,,,0,0,1,0,0,0,0,0.0,0.0,0,0,0,0,0.0,0.0,0,0.0,0.0,0.0,2021-07-21 21:34:30,0,0.0,0,0,0,,,0,1,,SHHIP,Signed,service_app_158,17420.0,0,0,0.0,0.0,0.0,0.0,0.0,,,0.0,0.0,0.0
7014M000001XiRoQAK,Project,Project,Planning,2021-07-26 00:00:00,,,,,0,0,1,0,0,0,0,0.0,0.0,0,0,0,0,0.0,0.0,0,0.0,0.0,0.0,2021-07-26 18:14:06,0,0.0,0,0,0,,,0,0,,,,service_app_164,,0,0,0.0,0.0,,,,,,0.0,0.0,0.0
7014M000001XihhQAC,Project,General,In Progress,2020-01-01 00:00:00,,,,,0,0,1,0,0,0,0,0.0,0.0,174,23,0,0,0.0,0.0,0,0.0,0.0,0.0,2021-07-27 17:48:36,0,0.0,0,0,0,,,0,0,,,,,,0,0,0.0,0.0,,,,,,0.0,0.0,0.0
7014M000001XiizQAC,Project,General,In Progress,2020-01-01 00:00:00,,,,,0,0,1,0,0,0,0,0.0,0.0,174,23,0,0,0.0,0.0,0,0.0,0.0,0.0,2021-07-27 19:05:08,0,0.0,0,0,0,,,0,0,,SHHIP,,,,0,0,0.0,0.0,,,,,,0.0,0.0,0.0
7014M000001Xij0QAC,Project,Project,Planning,2021-06-07 00:00:00,,,,,0,0,1,0,0,0,0,0.0,0.0,0,0,0,0,0.0,0.0,0,0.0,0.0,0.0,2021-07-27 19:09:05,0,0.0,0,0,0,,,0,0,,Community Space,,service_app_129,,0,0,0.0,0.0,,,,,,0.0,0.0,0.0
7014M000001Xij9QAC,Project,Project,In Progress,2020-01-01 00:00:00,2023-01-01 00:00:00,,,,0,0,1,0,0,0,0,0.0,0.0,0,0,0,0,0.0,0.0,0,0.0,0.0,0.0,2021-07-27 19:14:46,0,0.0,0,0,0,,,0,0,,Community Space,,,,0,0,0.0,0.0,,,,,,0.0,0.0,0.0
7014M000001XikbQAC,Project,General,In Progress,2020-03-04 00:00:00,2023-05-04 00:00:00,,,,0,0,1,0,0,0,0,0.0,0.0,6,0,0,0,0.0,0.0,0,0.0,0.0,0.0,2021-07-27 21:29:18,0,0.0,0,0,0,,,0,0,,,,,,0,0,0.0,0.0,,,,,,0.0,0.0,0.0
7014M000001XikgQAC,Project,General,Closed,2020-03-04 00:00:00,2022-03-04 00:00:00,,,,0,0,0,0,0,0,0,0.0,0.0,0,0,0,0,0.0,0.0,0,0.0,0.0,0.0,2021-07-27 21:29:28,0,0.0,0,0,0,,,0,0,,Tornado 2020,,,,0,0,0.0,0.0,0.0,0.0,0.0,,,0.0,0.0,0.0
7014M000001XivAQAS,Project,Project,Closed,2021-08-11 00:00:00,2023-02-09 00:00:00,,,,0,0,1,0,0,0,0,0.0,0.0,0,0,0,0,0.0,0.0,0,0.0,0.0,0.0,2021-07-28 16:24:32,0,0.0,0,0,0,,,0,0,,SHHIP,,service_app_161,,0,0,0.0,0.0,0.0,0.0,0.0,,,5500.0,0.0,5500.0
7014M000001iGTjQAM,Face-to-Face,General,Closed,2020-07-01 00:00:00,2021-06-30 00:00:00,,,,0,0,1,13,13,16,16,70596.61,70596.61,13,13,16,16,70596.61,70596.61,0,0.0,0.0,0.0,2020-07-13 20:19:21,0,0.0,0,0,0,,,0,0,,,,,,0,0,0.0,0.0,0.0,0.0,0.0,,,0.0,0.0,0.0
7014M000001iGTkQAM,Face-to-Face,General,Closed,2020-07-01 00:00:00,2021-06-30 00:00:00,,,,0,0,0,9,8,92,81,6527.81,7100.69,9,8,92,81,6527.81,7100.69,0,0.0,0.0,0.0,2020-07-13 20:20:12,0,0.0,0,0,0,,,0,0,,,,,,0,0,0.0,0.0,0.0,0.0,0.0,,,0.0,0.0,0.0
7014M000001iGToQAM,Virtual,General,Closed,2020-07-01 00:00:00,2021-06-30 00:00:00,,,,0,0,1,0,0,1,1,143.23,143.23,0,0,1,1,143.23,143.23,0,0.0,0.0,0.0,2020-07-13 20:21:24,0,0.0,0,0,0,,,0,0,,,,,,0,0,0.0,0.0,0.0,0.0,0.0,,,0.0,0.0,0.0
7014M000001iGTyQAM,Virtual,General,Closed,2020-07-01 00:00:00,2021-06-30 00:00:00,,,,0,0,1,6,6,17,17,292714.08,292714.08,6,6,17,17,292714.08,292714.08,0,0.0,0.0,0.0,2020-07-13 20:23:26,0,0.0,0,0,0,,,0,0,,,,,,0,0,0.0,0.0,0.0,0.0,0.0,,,0.0,0.0,0.0
7014M000001iGU8QAM,Virtual,General,Closed,2020-07-01 00:00:00,2021-06-30 00:00:00,,,,0,0,1,0,0,0,0,0.0,0.0,37,36,151,140,405413.02,405985.9,0,0.0,0.0,0.0,2020-07-13 20:24:40,0,0.0,0,0,0,,,0,0,,,,,,0,0,0.0,0.0,0.0,0.0,0.0,,,0.0,0.0,0.0
7014M000001iGUDQA2,Virtual,General,Closed,2020-07-01 00:00:00,2021-06-30 00:00:00,,,,0,0,1,1,1,1,1,1000.0,1000.0,7,7,19,19,3435.0,3435.0,0,0.0,0.0,0.0,2020-07-13 20:27:01,0,0.0,0,0,0,,,0,0,,,,,,0,0,0.0,0.0,0.0,0.0,0.0,,,0.0,0.0,0.0
7014M000001lv8fQAA,Virtual,General,Closed,2020-04-29 00:00:00,2020-05-07 00:00:00,,,,0,0,0,33,33,34,34,2272.7,2272.7,33,33,34,34,2272.7,2272.7,0,0.0,0.0,0.0,2020-05-20 21:16:21,0,0.0,0,0,0,,,0,0,,,,,,0,0,0.0,0.0,0.0,0.0,0.0,,,0.0,0.0,0.0
7014M000001lv8pQAA,Virtual,General,Closed,2020-05-05 00:00:00,2020-05-05 00:00:00,,,,0,0,1,20,20,20,20,2225.0,2225.0,20,20,20,20,2225.0,2225.0,0,0.0,0.0,0.0,2020-05-20 21:23:31,0,0.0,0,0,0,,,0,0,,,,,,0,0,0.0,0.0,0.0,0.0,0.0,,,0.0,0.0,0.0
7014M0000024lKuQAI,Give Lively Campaign,Project,In Progress,,,,,,0,0,1,0,0,0,0,0.0,0.0,0,0,0,0,0.0,0.0,0,0.0,0.0,0.0,2023-10-23 20:31:35,0,0.0,0,0,0,,,0,0,,,,,,0,0,0.0,0.0,,,,,,0.0,0.0,0.0
7014M0000024mMNQAY,Volunteer,Volunteer Campaign,Closed,2023-12-01 00:00:00,2023-12-01 00:00:00,,,,0,0,0,36,0,0,0,0.0,0.0,36,0,0,0,0.0,0.0,0,0.0,0.0,0.0,2023-11-03 18:42:22,31,155.0,2,2,2,,,0,0,2023-12-01 00:00:00,SHHIP,,,,0,31,0.0,155.0,0.0,1178.0,1178.0,,,0.0,0.0,0.0
7014M0000027RF2QAM,Volunteer,Project,Work Complete,2023-05-04 00:00:00,2023-05-04 00:00:00,,,,0,0,1,9,0,0,0,0.0,0.0,9,0,0,0,0.0,0.0,0,0.0,0.0,0.0,2023-04-18 15:41:48,8,32.0,1,1,4,,,0,0,2023-05-04 00:00:00,SHHIP,,service_app_176,,0,8,0.0,32.0,,,,,,0.0,0.0,0.0
7014M0000027RF7QAM,Project,Project,Planning,2023-04-18 00:00:00,2023-06-28 00:00:00,,,,0,0,1,0,0,0,0,0.0,0.0,0,0,0,0,0.0,0.0,0,0.0,0.0,0.0,2023-04-18 15:46:25,0,0.0,0,0,0,,,0,0,,SHHIP,,service_app_176,,0,0,0.0,0.0,,,,,23626.74,0.0,0.0,0.0
7014M0000027RHIQA2,Volunteer,Project,Work Complete,2021-10-02 00:00:00,,,,,0,0,1,0,0,0,0,0.0,0.0,0,0,0,0,0.0,0.0,0,0.0,0.0,0.0,2023-04-18 19:44:35,0,0.0,1,0,0,,,0,0,2021-10-02 00:00:00,Community Space,,service_app_129,,0,0,0.0,0.0,,,,,,0.0,0.0,0.0
7014M0000027SWJQA2,Volunteer,Project,Work Complete,2023-05-19 00:00:00,2023-05-19 00:00:00,,,,0,0,1,13,0,0,0,0.0,0.0,13,0,0,0,0.0,0.0,0,0.0,0.0,0.0,2023-05-01 21:23:41,10,40.0,1,1,2,,,0,0,2023-05-19 00:00:00,SHHIP,,service_app_113,,0,10,0.0,40.0,,,,,,0.0,0.0,0.0
7014M0000027WNfQAM,Event,General,In Progress,2023-05-19 00:00:00,2023-05-19 00:00:00,,,,0,0,0,6,6,18,18,3105.0,3105.0,6,6,18,18,3105.0,3105.0,0,,,,2023-06-13 18:48:23,0,0.0,0,0,0,,,0,0,,,,,,0,0,0.0,0.0,,,,,,0.0,0.0,0.0
7014M000002AlzjQAC,Event,Project,Planning,2021-03-27 00:00:00,2023-03-27 00:00:00,,,,0,0,1,0,0,0,0,0.0,0.0,0,0,0,0,0.0,0.0,0,0.0,0.0,0.0,2021-08-03 17:56:54,0,0.0,0,0,0,,,0,0,,,,,,0,0,0.0,0.0,,,,,,0.0,0.0,0.0
7014M000002AmeDQAS,Face-to-Face,General,Closed,,2021-08-05 00:00:00,,,,0,0,0,0,0,4,4,26812.29,26812.29,0,0,4,4,26812.29,26812.29,0,0.0,0.0,0.0,2021-08-06 02:15:20,0,0.0,0,0,0,,,0,0,,,,,,0,0,0.0,0.0,0.0,0.0,0.0,,,0.0,0.0,0.0
7014M000002As1vQAC,Virtual,General,In Progress,2021-07-01 00:00:00,2022-06-30 00:00:00,,,,0,0,0,21,21,69,69,18543.34,18543.34,129,128,235,225,336672.46,336422.46,0,34000.0,0.0,0.0,2021-09-03 21:42:49,0,0.0,0,0,0,,,0,0,,,,,,0,0,0.0,0.0,,,,,,0.0,0.0,0.0
7014M000002As20QAC,Virtual,General,In Progress,2021-07-01 00:00:00,2022-06-30 00:00:00,,,,0,0,1,6,5,21,11,3506.55,3256.55,6,5,21,11,3506.55,3256.55,0,0.0,0.0,0.0,2021-09-03 21:49:32,0,0.0,0,0,0,,,0,0,,,,,,0,0,0.0,0.0,,,,,,0.0,0.0,0.0
7014M000002As2AQAS,Virtual,General,Closed,2021-07-01 00:00:00,2022-06-30 00:00:00,,,,0,0,0,1,1,2,2,50.0,50.0,1,1,2,2,50.0,50.0,0,0.0,0.0,0.0,2021-09-03 21:50:08,0,0.0,0,0,0,,,0,0,,,,,,0,0,0.0,0.0,0.0,0.0,0.0,,,0.0,0.0,0.0
7014M000002As2FQAS,Virtual,General,In Progress,2021-07-01 00:00:00,2022-06-30 00:00:00,,,,0,0,1,8,8,13,13,73820.0,73820.0,8,8,13,13,73820.0,73820.0,0,0.0,0.0,0.0,2021-09-03 21:51:03,0,0.0,0,0,0,,,0,0,,,,,,0,0,0.0,0.0,,,,,,0.0,0.0,0.0
7014M000002As2KQAS,Virtual,General,In Progress,2021-07-01 00:00:00,2022-06-30 00:00:00,,,,0,0,1,1,1,1,1,3000.0,3000.0,1,1,1,1,3000.0,3000.0,0,,,,2021-09-03 21:51:33,0,0.0,0,0,0,,,0,0,,,,,,0,0,0.0,0.0,,,,,,0.0,0.0,0.0
7014M000002As2LQAS,Event,General,In Progress,2021-07-01 00:00:00,2022-06-30 00:00:00,,,,0,0,1,0,0,1,1,725.0,725.0,77,77,106,106,36367.57,36367.57,0,30000.0,0.0,0.0,2021-09-03 21:55:09,0,0.0,0,0,0,,,0,0,,,,,,0,0,0.0,0.0,,,,,,0.0,0.0,0.0
7014M000002As2PQAS,Virtual,General,In Progress,2021-07-01 00:00:00,2022-06-30 00:00:00,,,,0,0,1,3,3,10,10,198500.0,198500.0,3,3,10,10,198500.0,198500.0,0,0.0,0.0,0.0,2021-09-03 21:52:34,0,0.0,0,0,0,,,0,0,,,,,,0,0,0.0,0.0,,,,,,0.0,0.0,0.0
7014M000002As2QQAS,Face-to-Face,General,Closed,2021-08-01 00:00:00,2021-10-18 00:00:00,,,,0,0,1,2,2,2,2,10000.0,10000.0,2,2,2,2,10000.0,10000.0,0,0.0,0.0,0.0,2021-09-03 21:55:52,0,0.0,0,0,0,,,0,0,,,,,,0,0,0.0,0.0,0.0,0.0,0.0,,,0.0,0.0,0.0
7014M000002As2UQAS,Virtual,General,In Progress,2021-07-01 00:00:00,2022-06-30 00:00:00,,,,0,0,1,0,0,0,0,0.0,0.0,0,0,0,0,0.0,0.0,0,,,,2021-09-03 21:53:12,0,0.0,0,0,0,,,0,0,,,,,,0,0,0.0,0.0,,,,,,0.0,0.0,0.0
7014M000002BCHoQAO,Virtual,General,Closed,2021-11-22 00:00:00,2022-01-07 00:00:00,4000.0,0.0,,0,0,0,1,1,0,0,0.0,0.0,1,1,0,0,0.0,0.0,0,4000.0,0.0,0.0,2021-12-15 19:34:01,0,0.0,0,0,0,,,0,0,,,,,,0,0,0.0,0.0,0.0,0.0,0.0,,,0.0,0.0,0.0
7014M000002BDFeQAO,Give Lively Campaign,General,In Progress,,,3000.0,,,0,0,1,28,28,38,38,11218.14,11218.14,28,28,38,38,11218.14,11218.14,0,3000.0,0.0,0.0,2021-12-20 21:31:29,0,0.0,0,0,0,,,0,0,,,,,,0,0,0.0,0.0,,,,,,0.0,0.0,0.0
7014M000002BDFjQAO,Give Lively Campaign,General,Closed,2021-10-17 00:00:00,2021-10-17 00:00:00,30000.0,,,0,0,0,44,44,50,50,6962.99,6962.99,44,44,50,50,6962.99,6962.99,0,30000.0,0.0,0.0,2021-12-20 21:31:35,0,0.0,0,0,0,,,0,0,,,,,,0,0,0.0,0.0,0.0,0.0,0.0,,,0.0,0.0,0.0
7014M000002BDFoQAO,Give Lively Event,General,Closed,2021-09-01 00:00:00,2021-12-31 00:00:00,,,,0,0,1,26,26,31,31,15304.58,15304.58,26,26,31,31,15304.58,15304.58,0,0.0,0.0,0.0,2021-12-20 21:31:40,0,0.0,0,0,0,,,0,0,,,,,,0,0,0.0,0.0,0.0,0.0,0.0,,,0.0,0.0,0.0
7014M000002BFdsQAG,Mail,General,Closed,2021-12-20 00:00:00,2022-01-04 00:00:00,,,,0,0,0,10,10,12,12,2825.0,2825.0,10,10,12,12,2825.0,2825.0,0,0.0,0.0,0.0,2022-01-05 20:53:18,0,0.0,0,0,0,,,0,0,,,,,,0,0,0.0,0.0,0.0,0.0,0.0,,,0.0,0.0,0.0
7014M000002BFe7QAG,Mail,General,Closed,2021-12-15 00:00:00,2022-01-04 00:00:00,,,,0,0,0,1,1,1,1,60.0,60.0,1,1,1,1,60.0,60.0,0,0.0,0.0,0.0,2022-01-05 21:02:20,0,0.0,0,0,0,,,0,0,,,,,,0,0,0.0,0.0,0.0,0.0,0.0,,,0.0,0.0,0.0
7014M000002Bbg5QAC,Give Lively Event,General,In Progress,2022-10-02 00:00:00,2022-10-02 00:00:00,,,,0,0,1,18,18,24,24,28006.87,28006.87,18,18,24,24,28006.87,28006.87,0,0.0,0.0,0.0,2022-07-29 15:31:08,0,0.0,0,0,0,,,0,0,,,,,,0,0,0.0,0.0,,,,,,0.0,0.0,0.0
7014M000002BbxBQAS,Give Lively Campaign,General,In Progress,,,30000.0,,,0,0,1,68,68,95,95,7436.35,7436.35,75,73,100,100,7662.78,7662.78,0,30200.0,0.0,0.0,2022-08-02 15:31:22,0,0.0,0,0,0,,,0,0,,,,,,0,0,0.0,0.0,,,,,,0.0,0.0,0.0
7014M000002BeRXQA0,Project,Project,Closed,2022-03-08 00:00:00,2022-03-08 00:00:00,5000.0,,,0,0,0,11,11,0,0,0.0,0.0,11,11,0,0,0.0,0.0,0,5000.0,0.0,0.0,2022-09-06 15:24:46,10,40.0,1,0,0,,,0,0,,SHHIP,,service_app_164,,0,10,0.0,40.0,0.0,0.0,0.0,,,0.0,0.0,0.0
7014M000002BfA3QAK,Give Lively Fundraising Team,Project,In Progress,,,,,,0,0,1,0,0,0,0,0.0,0.0,1,0,0,0,0.0,0.0,0,100.0,0.0,0.0,2022-09-14 16:31:13,0,0.0,0,0,0,,,0,0,,,,,,0,0,0.0,0.0,,,,,,0.0,0.0,0.0
7014M000002BfA8QAK,Give Lively Team Fundraiser,Project,In Progress,,,100.0,,,0,0,1,1,0,0,0,0.0,0.0,1,0,0,0,0.0,0.0,0,100.0,0.0,0.0,2022-09-14 16:31:21,0,0.0,0,0,0,,,0,0,,,,,,0,0,0.0,0.0,,,,,,0.0,0.0,0.0
7014M000002Bfy8QAC,Give Lively Fundraising Team,Project,In Progress,,,,,,0,0,1,1,1,1,1,25.0,25.0,6,5,5,5,226.43,226.43,0,100.0,0.0,0.0,2022-09-26 23:31:01,0,0.0,0,0,0,,,0,0,,,,,,0,0,0.0,0.0,,,,,,0.0,0.0,0.0
7014M000002BfyDQAS,Give Lively Team Fundraiser,Project,In Progress,,,100.0,,,0,0,1,5,4,4,4,201.43,201.43,5,4,4,4,201.43,201.43,0,100.0,0.0,0.0,2022-09-26 23:31:05,0,0.0,0,0,0,,,0,0,,,,,,0,0,0.0,0.0,,,,,,0.0,0.0,0.0
7014M000002BhCuQAK,Project,Project,Closed,2022-05-04 00:00:00,2022-05-04 00:00:00,,,,0,0,0,8,8,0,0,0.0,0.0,8,8,0,0,0.0,0.0,0,0.0,0.0,0.0,2022-10-05 16:14:59,8,32.0,1,1,0,,,0,0,,SHHIP,,service_app_98,,0,8,0.0,32.0,0.0,0.0,0.0,,,0.0,0.0,0.0
7014M000002BhKUQA0,Virtual,General,Closed,2022-07-01 00:00:00,2023-06-30 00:00:00,,,,0,0,1,44,44,285,285,32712.02,32712.02,213,210,558,558,459229.53,459229.53,0,30700.0,0.0,0.0,2022-10-06 18:47:08,0,0.0,0,0,0,,,0,0,,,,,,0,0,0.0,0.0,0.0,0.0,0.0,,,0.0,0.0,0.0
7014M000002BhKZQA0,Virtual,General,In Progress,2022-07-01 00:00:00,2023-06-30 00:00:00,,,,0,0,0,17,17,29,29,8939.04,8939.04,17,17,29,29,8939.04,8939.04,0,,,,2022-10-06 18:48:38,0,0.0,0,0,0,,,0,0,,,,,,0,0,0.0,0.0,,,,,,0.0,0.0,0.0
7014M000002BhL3QAK,Virtual,General,In Progress,2022-07-01 00:00:00,2023-06-30 00:00:00,,,,0,0,0,9,9,32,32,4861.67,4861.67,9,9,32,32,4861.67,4861.67,0,,,,2022-10-06 18:55:02,0,0.0,0,0,0,,,0,0,,,,,,0,0,0.0,0.0,,,,,,0.0,0.0,0.0
7014M000002BhLDQA0,Virtual,General,In Progress,2022-07-01 00:00:00,2023-06-30 00:00:00,,,,0,0,0,6,6,22,22,164090.29,164090.29,6,6,22,22,164090.29,164090.29,0,,,,2022-10-06 18:56:16,0,0.0,0,0,0,,,0,0,,,,,,0,0,0.0,0.0,,,,,,0.0,0.0,0.0
7014M000002BhLIQA0,Virtual,General,In Progress,2022-07-01 00:00:00,2023-06-30 00:00:00,,,,0,0,0,0,0,1,1,7500.0,7500.0,0,0,1,1,7500.0,7500.0,0,,,,2022-10-06 18:56:54,0,0.0,0,0,0,,,0,0,,,,,,0,0,0.0,0.0,,,,,,0.0,0.0,0.0
7014M000002BhLSQA0,Virtual,General,In Progress,2022-07-01 00:00:00,2023-06-30 00:00:00,,,,0,0,1,3,3,11,11,197000.0,197000.0,3,3,11,11,197000.0,197000.0,0,,,,2022-10-06 19:00:19,0,0.0,0,0,0,,,0,0,,,,,,0,0,0.0,0.0,,,,,,0.0,0.0,0.0
7014M000002BhLXQA0,Virtual,General,Closed,2022-07-01 00:00:00,2023-06-30 00:00:00,,,,0,0,1,1,1,1,1,582.46,582.46,100,98,143,143,39357.11,39357.11,0,30200.0,0.0,0.0,2022-10-06 19:01:28,0,0.0,0,0,0,,,0,0,,,,,,0,0,0.0,0.0,0.0,0.0,0.0,,,0.0,0.0,0.0
7014M000002BhMuQAK,Virtual,General,Closed,2022-05-01 00:00:00,2022-05-06 00:00:00,,,,0,0,0,33,33,35,35,4769.4,4769.4,33,33,35,35,4769.4,4769.4,0,0.0,0.0,0.0,2022-10-06 21:50:40,0,0.0,0,0,0,,,0,0,,,,,,0,0,0.0,0.0,0.0,0.0,0.0,,,0.0,0.0,0.0
7014M000002BhMzQAK,Event,General,Closed,2022-05-13 00:00:00,2022-10-21 00:00:00,,,,0,0,0,5,5,22,22,3375.0,3375.0,5,5,22,22,3375.0,3375.0,0,0.0,0.0,0.0,2022-10-06 21:51:26,0,0.0,0,0,0,,,0,0,,,,,,0,0,0.0,0.0,0.0,0.0,0.0,,,0.0,0.0,0.0
7014M000002BkRsQAK,Project,Project,Closed,2022-10-28 00:00:00,2022-10-28 00:00:00,,,,0,0,0,13,0,0,0,0.0,0.0,13,0,0,0,0.0,0.0,0,0.0,0.0,0.0,2022-11-08 20:41:00,13,39.0,1,0,0,,,0,0,2022-10-28 00:00:00,SHHIP,,service_app_101,,0,13,0.0,39.0,0.0,0.0,0.0,,,0.0,0.0,0.0
7014M000002BkgOQAS,Volunteer,Project,Work Complete,2022-07-21 00:00:00,2022-07-21 00:00:00,,,,0,0,0,20,0,0,0,0.0,0.0,20,0,0,0,0.0,0.0,0,0.0,0.0,0.0,2022-11-11 18:42:20,20,80.0,1,0,0,,,0,0,2022-07-21 00:00:00,SHHIP,,service_app_110,,0,20,0.0,80.0,,,,,,0.0,0.0,0.0
7014M000002BkgYQAS,Project,Project,Closed,2022-05-19 00:00:00,2022-05-19 00:00:00,,,,0,0,0,6,6,0,0,0.0,0.0,6,6,0,0,0.0,0.0,0,0.0,0.0,0.0,2022-11-11 19:25:32,6,30.0,1,0,0,,,0,0,,SHHIP,,service_app_167,,0,6,0.0,30.0,0.0,0.0,0.0,,,0.0,0.0,0.0
7014M000002BkgdQAC,Volunteer,Project,Closed,2022-09-15 00:00:00,2022-09-15 00:00:00,,,,0,0,0,8,8,0,0,0.0,0.0,8,8,0,0,0.0,0.0,0,0.0,0.0,0.0,2022-11-11 19:28:52,8,32.0,1,1,10,,,1,1,2022-09-15 00:00:00,SHHIP,Signed,service_app_110,,0,8,0.0,32.0,0.0,753.92,753.92,,,0.0,0.0,0.0
7014M000002BkgiQAC,Project,Project,Closed,2022-04-08 00:00:00,2022-04-08 00:00:00,,,,0,0,0,11,11,0,0,0.0,0.0,11,11,0,0,0.0,0.0,0,0.0,0.0,0.0,2022-11-11 19:32:04,11,33.0,1,0,0,,,0,0,,Community Space,,service_app_129,,0,11,0.0,33.0,0.0,0.0,0.0,,,0.0,0.0,0.0
7014M000002BkgnQAC,Volunteer,Project,Closed,2022-11-12 00:00:00,2022-11-14 00:00:00,,,,0,0,0,9,9,0,0,0.0,0.0,9,9,0,0,0.0,0.0,0,0.0,0.0,0.0,2022-11-11 19:35:14,9,54.0,1,0,0,,,0,0,2022-11-12 00:00:00,SHHIP,,service_app_114,,0,9,0.0,54.0,0.0,0.0,0.0,,,0.0,0.0,0.0
7014M000002BmahQAC,Virtual,General,In Progress,2022-11-29 00:00:00,2022-11-29 00:00:00,,,,0,0,1,0,0,0,0,0.0,0.0,0,0,0,0,0.0,0.0,0,,,,2022-12-06 19:43:44,0,0.0,0,0,0,,,0,0,,,,,,0,0,0.0,0.0,,,,,,0.0,0.0,0.0
7014M000002Bmd7QAC,Project,Project,Closed,2022-10-28 00:00:00,2023-02-13 00:00:00,,,,0,0,1,7,0,0,0,0.0,0.0,7,0,0,0,0.0,0.0,0,0.0,0.0,0.0,2022-12-07 16:56:50,0,0.0,0,0,0,,,0,1,,SHHIP,Signed,service_app_101,,0,0,0.0,0.0,0.0,0.0,0.0,,34669.37,38000.0,0.0,38000.0
7014M000002FH3VQAW,Volunteer,Project,Closed,2023-09-14 00:00:00,2023-09-14 00:00:00,,,,0,0,1,15,0,0,0,0.0,0.0,15,0,0,0,0.0,0.0,0,0.0,0.0,0.0,2023-08-14 17:50:26,13,52.0,1,1,0,,,0,0,2023-09-14 00:00:00,SHHIP,,service_app_198,,0,13,0.0,52.0,0.0,1225.12,1225.12,,,0.0,0.0,0.0
7014M000002FIb9QAG,Volunteer,Project,Work Complete,2023-09-27 00:00:00,,,,,0,0,1,9,0,0,0,0.0,0.0,9,0,0,0,0.0,0.0,0,0.0,0.0,0.0,2023-08-29 14:14:35,9,54.0,1,1,3,,,0,0,2023-09-27 00:00:00,SHHIP,,service_app_182,,0,9,0.0,54.0,,,,,,0.0,0.0,0.0
7014M000002FNWsQAO,Volunteer,Project,Closed,2023-11-07 00:00:00,2023-11-07 00:00:00,,,,0,0,1,8,0,0,0,0.0,0.0,8,0,0,0,0.0,0.0,0,0.0,0.0,0.0,2023-10-16 18:27:47,7,28.0,1,1,0,,,0,0,2023-11-07 00:00:00,SHHIP,,service_app_183,,0,7,0.0,28.0,0.0,659.68,659.68,,,0.0,0.0,0.0
701UH000001baDfYAI,Virtual,General,Closed,2023-11-28 00:00:00,2023-11-29 00:00:00,,,,0,0,0,0,0,0,0,0.0,0.0,0,0,0,0,0.0,0.0,0,0.0,0.0,0.0,2023-12-05 16:19:26,0,0.0,0,0,0,,,0,0,,,,,,0,0,0.0,0.0,0.0,0.0,0.0,,,0.0,0.0,0.0
701UH0000023mdMYAQ,Give Lively Campaign,Project,In Progress,,,4000.0,,,0,0,1,27,27,27,27,2826.54,2826.54,27,27,27,27,2826.54,2826.54,0,4000.0,0.0,0.0,2023-12-13 21:23:36,0,0.0,0,0,0,,,0,0,,,,,,0,0,0.0,0.0,,,,,,0.0,0.0,0.0
701UH000002G9pVYAS,Volunteer,Project,Work Complete,2025-01-17 00:00:00,2025-03-21 00:00:00,,,,0,0,0,40,0,0,0,0.0,0.0,40,0,0,0,0.0,0.0,0,0.0,0.0,0.0,2023-12-18 16:17:17,23,69.0,1,1,0,,1710.0,1,1,2025-01-17 00:00:00,SHHIP,Signed,service_app_252,,0,23,0.0,69.0,,,,,,18150.0,18150.0,0.0
701UH000003W9BJYA0,Project,Project,Work Complete,2023-07-05 00:00:00,2023-09-22 00:00:00,,,,0,0,0,0,0,0,0,0.0,0.0,0,0,0,0,0.0,0.0,0,0.0,0.0,0.0,2024-01-17 19:23:46,0,0.0,0,0,0,,,0,0,,SHHIP,,service_app_119,,0,0,0.0,0.0,,,,,,0.0,0.0,0.0
701UH000003izJ1YAI,Volunteer,Project,Closed,2024-02-02 00:00:00,2024-02-02 00:00:00,,,,0,0,1,9,0,0,0,0.0,0.0,9,0,0,0,0.0,0.0,0,0.0,0.0,0.0,2024-01-22 19:44:49,9,36.0,1,1,0,,,0,0,2024-02-02 00:00:00,SHHIP,,service_app_207,,0,9,0.0,36.0,0.0,848.16,848.16,,,0.0,0.0,0.0
701UH000004WbqAYAS,Project,Project,Closed,2024-01-10 00:00:00,2024-02-26 00:00:00,,,,0,0,0,0,0,0,0,0.0,0.0,0,0,0,0,0.0,0.0,0,0.0,0.0,0.0,2024-02-06 16:15:40,0,0.0,0,0,0,,,0,1,,SHHIP,Signed,service_app_208,,0,0,0.0,0.0,0.0,0.0,0.0,,,0.0,0.0,0.0
701UH000004WnCtYAK,Project,Project,Closed,2024-02-06 00:00:00,2024-02-16 00:00:00,,,,0,0,0,0,0,0,0,0.0,0.0,0,0,0,0,0.0,0.0,0,0.0,0.0,0.0,2024-02-06 16:13:15,0,0.0,0,0,0,,,0,0,,SHHIP,,service_app_207,,0,0,0.0,0.0,0.0,0.0,0.0,,,0.0,0.0,0.0
701UH0000061briYAA,Give Lively Event,Project,In Progress,,,,,,0,0,1,0,0,0,0,0.0,0.0,0,0,0,0,0.0,0.0,0,0.0,0.0,0.0,2024-03-05 16:31:06,0,0.0,0,0,0,,,0,0,,,,,,0,0,0.0,0.0,,,,,,0.0,0.0,0.0
701UH000006KJKuYAO,Volunteer,Project,Work Complete,2024-03-27 00:00:00,2024-03-27 00:00:00,,,,0,0,1,14,0,0,0,0.0,0.0,14,0,0,0,0.0,0.0,0,0.0,0.0,0.0,2024-03-11 14:49:52,14,74.5,1,1,0,,,0,0,2024-03-27 00:00:00,SHHIP,,service_app_189,,1,13,3.0,71.5,,,,,,0.0,0.0,0.0
701UH000006PgOrYAK,Project,Project,Closed,2024-02-12 00:00:00,2024-04-15 00:00:00,,,,0,0,1,0,0,0,0,0.0,0.0,0,0,0,0,0.0,0.0,0,0.0,0.0,0.0,2024-03-12 19:52:20,0,0.0,0,0,0,,,0,0,,SHHIP,,service_app_206,,0,0,0.0,0.0,0.0,0.0,0.0,,,0.0,0.0,0.0
701UH000006PmdvYAC,Project,Project,Closed,2023-10-31 00:00:00,2024-01-11 00:00:00,,,,0,0,0,0,0,0,0,0.0,0.0,0,0,0,0,0.0,0.0,0,0.0,0.0,0.0,2024-03-12 19:55:16,0,0.0,0,0,0,,,0,0,,SHHIP,,service_app_205,,0,0,0.0,0.0,0.0,0.0,0.0,,,0.0,0.0,0.0
701UH000006PoJDYA0,Project,Project,Closed,2023-12-12 00:00:00,2024-06-20 00:00:00,,,,0,0,1,0,0,0,0,0.0,0.0,0,0,0,0,0.0,0.0,0,0.0,0.0,0.0,2024-03-12 20:33:52,0,0.0,0,0,0,,,0,0,,SHHIP,,service_app_189,,0,0,0.0,0.0,0.0,0.0,0.0,,,0.0,0.0,0.0
701UH000006PrwzYAC,Project,Project,Closed,2023-11-03 00:00:00,2024-01-11 00:00:00,,,,0,0,0,0,0,0,0,0.0,0.0,0,0,0,0,0.0,0.0,0,0.0,0.0,0.0,2024-03-12 20:06:44,0,0.0,0,0,0,,,0,0,,SHHIP,,service_app_183,,0,0,0.0,0.0,0.0,0.0,0.0,,,0.0,0.0,0.0
701UH000006PutBYAS,Project,Project,Closed,2023-10-09 00:00:00,2024-01-08 00:00:00,,,,0,0,0,0,0,0,0,0.0,0.0,0,0,0,0,0.0,0.0,0,0.0,0.0,0.0,2024-03-12 20:02:31,0,0.0,0,0,0,,,0,0,,SHHIP,,service_app_201,,0,0,0.0,0.0,0.0,0.0,0.0,,,0.0,0.0,0.0
701UH000006Q0iTYAS,Project,Project,Closed,2023-10-20 00:00:00,2024-02-27 00:00:00,,,,0,0,0,0,0,0,0,0.0,0.0,0,0,0,0,0.0,0.0,0,0.0,0.0,0.0,2024-03-12 20:27:16,0,0.0,0,0,0,,,0,0,,SHHIP,,service_app_200,,0,0,0.0,0.0,0.0,0.0,0.0,,,0.0,0.0,0.0
701UH000006Q1rSYAS,Project,Project,Closed,2024-02-26 00:00:00,2024-05-31 00:00:00,,,,0,0,1,0,0,0,0,0.0,0.0,0,0,0,0,0.0,0.0,0,0.0,0.0,0.0,2024-03-12 20:31:54,0,0.0,0,0,0,,,0,0,,SHHIP,,service_app_203,,0,0,0.0,0.0,0.0,0.0,0.0,,,0.0,0.0,0.0
701UH000006Q3N1YAK,Project,Project,Closed,2024-02-08 00:00:00,2024-04-05 00:00:00,,,,0,0,1,0,0,0,0,0.0,0.0,0,0,0,0,0.0,0.0,0,0.0,0.0,0.0,2024-03-12 20:37:38,0,0.0,0,0,0,,,0,0,,SHHIP,,service_app_210,,0,0,0.0,0.0,0.0,0.0,0.0,,,0.0,0.0,0.0
701UH000006ldwyYAA,Event,General,Closed,2024-03-12 00:00:00,2024-05-05 00:00:00,,,,0,0,0,58,58,62,62,5382.44,5382.44,58,58,62,62,5382.44,5382.44,0,0.0,0.0,0.0,2024-03-19 15:57:39,0,0.0,0,0,0,,,0,0,,,,,,0,0,0.0,0.0,0.0,0.0,0.0,,,0.0,0.0,0.0
701UH000006mtEsYAI,Event,General,Planning,,,,,,0,0,0,0,0,0,0,0.0,0.0,0,0,0,0,0.0,0.0,0,0.0,0.0,0.0,2024-03-19 20:17:43,0,0.0,0,0,0,,,0,0,,,,,,0,0,0.0,0.0,,,,,,5000.0,0.0,5000.0
701UH000006n1nVYAQ,Event,General,Planning,,,,,,0,0,0,0,0,0,0,0.0,0.0,63,8,0,0,0.0,0.0,0,0.0,0.0,0.0,2024-03-19 20:17:11,0,0.0,0,0,0,,,0,0,,,,,,0,0,0.0,0.0,,,,,,0.0,0.0,0.0
701UH000006pnOEYAY,Project,General,In Progress,2023-01-01 00:00:00,,,,,0,0,1,0,0,0,0,0.0,0.0,102,0,0,0,0.0,0.0,0,0.0,0.0,0.0,2024-03-20 16:19:47,0,0.0,0,0,0,,,0,0,,,,,,0,0,0.0,0.0,,,,,,0.0,0.0,0.0
701UH000006rIjKYAU,Event,General,Planning,2023-01-02 00:00:00,,,,,0,0,1,0,0,0,0,0.0,0.0,62,0,0,0,0.0,0.0,0,0.0,0.0,0.0,2024-03-20 22:21:00,0,0.0,0,0,0,,,0,0,,,,,,0,0,0.0,0.0,,,,,,0.0,0.0,0.0
701UH000006ymXrYAI,Event,General,In Progress,2023-01-02 00:00:00,,,,,0,0,1,0,0,0,0,0.0,0.0,24,0,0,0,0.0,0.0,0,0.0,0.0,0.0,2024-03-22 21:19:16,0,0.0,0,0,0,,,0,0,,SHHIP,,,,0,0,0.0,0.0,,,,,,0.0,0.0,0.0
701UH000006yns3YAA,Event,General,In Progress,2024-03-01 00:00:00,,,,,0,0,1,0,0,0,0,0.0,0.0,38,0,0,0,0.0,0.0,0,0.0,0.0,0.0,2024-03-22 21:20:37,0,0.0,0,0,0,,,0,0,,SHHIP,,,,0,0,0.0,0.0,,,,,,0.0,0.0,0.0
701UH000007HO0LYAW,Volunteer,Project,Work Complete,2024-04-17 00:00:00,2024-04-17 00:00:00,,,,0,0,0,8,0,0,0,0.0,0.0,8,0,0,0,0.0,0.0,0,0.0,0.0,0.0,2024-03-28 15:39:52,6,30.0,1,1,1,,,0,0,2024-04-17 00:00:00,SHHIP,,service_app_221,,0,6,0.0,30.0,,,,,5000.0,0.0,0.0,0.0
701UH000007WIU4YAO,Project,Project,Closed,2024-04-01 00:00:00,2024-05-09 00:00:00,,,,0,0,0,0,0,0,0,0.0,0.0,0,0,0,0,0.0,0.0,0,0.0,0.0,0.0,2024-04-02 21:13:31,0,0.0,0,0,0,,,1,1,,SHHIP,,service_app_223,,0,0,0.0,0.0,0.0,0.0,0.0,,,0.0,0.0,0.0
701UH000007vKnZYAU,Project,Project,Closed,2024-04-08 00:00:00,2024-09-30 00:00:00,,,,0,0,1,0,0,0,0,0.0,0.0,0,0,0,0,0.0,0.0,0,0.0,0.0,0.0,2024-04-10 18:08:13,0,0.0,0,0,0,,,0,0,,SHHIP,,service_app_212,,0,0,0.0,0.0,0.0,0.0,0.0,,,0.0,0.0,0.0
701UH0000082wo5YAA,Volunteer,Project,Work Complete,2024-05-03 00:00:00,,,,,0,0,1,9,0,0,0,0.0,0.0,9,0,0,0,0.0,0.0,0,0.0,0.0,0.0,2024-04-12 19:45:01,9,45.0,1,1,0,,,0,0,2024-05-03 00:00:00,SHHIP,,service_app_221,,0,9,0.0,45.0,,,,,,0.0,0.0,0.0
701UH0000089UFDYA2,Project,Project,Closed,2024-04-12 00:00:00,2024-05-15 00:00:00,,,,0,0,1,0,0,0,0,0.0,0.0,0,0,0,0,0.0,0.0,0,0.0,0.0,0.0,2024-04-15 17:09:55,0,0.0,0,0,0,,,0,0,,SHHIP,,service_app_214,,0,0,0.0,0.0,0.0,0.0,0.0,,,0.0,0.0,0.0
701UH0000089UGpYAM,Project,Project,Closed,2024-04-15 00:00:00,2024-06-20 00:00:00,,,,0,0,1,0,0,0,0,0.0,0.0,0,0,0,0,0.0,0.0,0,0.0,0.0,0.0,2024-04-15 17:08:57,0,0.0,0,0,0,,,0,0,,SHHIP,,service_app_221,,0,0,0.0,0.0,0.0,0.0,0.0,,,0.0,0.0,0.0
701UH000008tTeHYAU,Event,Volunteer Campaign,Planning,2024-05-31 00:00:00,2024-05-31 00:00:00,,,,0,0,1,17,0,0,0,0.0,0.0,17,0,0,0,0.0,0.0,0,0.0,0.0,0.0,2024-04-29 16:11:08,10,50.0,1,1,10,,,0,0,,SHHIP,,,,0,10,0.0,50.0,,,,,,0.0,0.0,0.0
701UH000008yM4HYAU,Volunteer,Project,Closed,2024-05-16 00:00:00,2024-05-16 00:00:00,,,,0,0,0,10,0,0,0,0.0,0.0,10,0,0,0,0.0,0.0,0,0.0,0.0,0.0,2024-04-30 19:42:21,9,36.0,1,1,3,,,0,0,2024-05-16 00:00:00,SHHIP,Draft,service_app_219,,0,9,0.0,36.0,0.0,848.16,848.16,,5000.0,0.0,0.0,0.0
701UH000009kgfKYAQ,Project,Project,Closed,2024-05-15 00:00:00,2025-07-16 00:00:00,,,,0,0,1,0,0,0,0,0.0,0.0,0,0,0,0,0.0,0.0,0,0.0,0.0,0.0,2024-05-15 16:49:58,0,0.0,0,0,0,,,0,0,,SHHIP,,service_app_211,,0,0,0.0,0.0,0.0,0.0,0.0,,,0.0,0.0,0.0
701UH000009kluqYAA,Project,Project,Closed,2024-05-15 00:00:00,2024-06-10 00:00:00,,,,0,0,1,0,0,0,0,0.0,0.0,0,0,0,0,0.0,0.0,0,0.0,0.0,0.0,2024-05-15 16:49:34,0,0.0,0,0,0,,,0,0,,SHHIP,,service_app_219,,0,0,0.0,0.0,0.0,0.0,0.0,,,0.0,0.0,0.0
701UH00000A42wqYAB,Event,Volunteer Campaign,Planning,,,,,,0,0,1,23,0,0,0,0.0,0.0,23,0,0,0,0.0,0.0,0,0.0,0.0,0.0,2024-05-21 16:11:56,20,90.0,1,1,5,,,0,0,,SHHIP,,,,0,20,0.0,90.0,,,,,,0.0,0.0,0.0
701UH00000C3xazYAB,Project,Project,Closed,2024-06-20 00:00:00,2024-09-05 00:00:00,,,,0,0,1,0,0,0,0,0.0,0.0,0,0,0,0,0.0,0.0,0,0.0,0.0,0.0,2024-06-26 16:25:58,0,0.0,0,0,0,,,1,1,,SHHIP,Signed,service_app_213,,0,0,0.0,0.0,0.0,0.0,0.0,,,0.0,0.0,0.0
701UH00000C42KVYAZ,Project,Project,Closed,2024-06-05 00:00:00,2024-07-31 00:00:00,,,,0,0,1,0,0,0,0,0.0,0.0,0,0,0,0,0.0,0.0,0,0.0,0.0,0.0,2024-06-26 16:25:13,0,0.0,0,0,0,,,1,1,,SHHIP,Signed,service_app_217,,0,0,0.0,0.0,0.0,0.0,0.0,,,0.0,0.0,0.0
701UH00000CfNDBYA3,Project,Project,Planning,2024-07-11 00:00:00,,,,,0,0,1,0,0,0,0,0.0,0.0,0,0,0,0,0.0,0.0,0,0.0,0.0,0.0,2024-07-08 19:21:28,0,0.0,0,0,0,,,0,0,,SHHIP,,service_app_228,25000.0,0,0,0.0,0.0,,,,,,0.0,0.0,0.0
701UH00000CiuNqYAJ,Virtual,General,In Progress,2024-07-01 00:00:00,2025-06-30 00:00:00,,,,0,0,1,5,5,10,10,5757.0,5757.0,5,5,10,10,5757.0,5757.0,0,,,,2024-07-09 17:02:04,0,0.0,0,0,0,,,0,0,,,,,,0,0,0.0,0.0,,,,,,0.0,0.0,0.0
701UH00000CiuhBYAR,Virtual,General,In Progress,2024-07-01 00:00:00,2025-06-30 00:00:00,,,,0,0,1,0,0,1,1,140.0,140.0,39,39,56,56,61139.49,61139.49,0,0.0,0.0,0.0,2024-07-09 16:56:27,0,0.0,0,0,0,,,0,0,,,,,,0,0,0.0,0.0,,,,,,0.0,0.0,0.0
701UH00000CixLhYAJ,Event,General,In Progress,2024-07-01 00:00:00,2025-06-30 00:00:00,,,,0,0,1,0,0,0,0,0.0,0.0,0,0,0,0,0.0,0.0,0,0.0,0.0,0.0,2024-07-09 16:58:11,0,0.0,0,0,0,,,0,0,,,,,,0,0,0.0,0.0,,,,,,0.0,0.0,0.0
701UH00000Cj2QBYAZ,Virtual,General,In Progress,2024-07-01 00:00:00,2025-06-30 00:00:00,,,,0,0,1,2,2,13,13,106810.71,106810.71,2,2,13,13,106810.71,106810.71,0,,,,2024-07-09 16:55:46,0,0.0,0,0,0,,,0,0,,,,,,0,0,0.0,0.0,,,,,,0.0,0.0,0.0
701UH00000Cj2ZqYAJ,Virtual,General,In Progress,2024-07-01 00:00:00,2025-06-30 00:00:00,,,,0,0,0,61,61,166,160,277718.91,277718.91,115,115,272,266,721901.65,721901.65,0,0.0,0.0,0.0,2024-07-09 16:48:14,0,0.0,0,0,0,,,0,0,,,,,,0,0,0.0,0.0,,,,,,0.0,0.0,0.0
701UH00000Cj3pGYAR,Virtual,General,In Progress,2024-07-01 00:00:00,2025-06-30 00:00:00,,,,0,0,1,1,1,2,2,605.0,605.0,1,1,2,2,605.0,605.0,0,,,,2024-07-09 16:54:18,0,0.0,0,0,0,,,0,0,,,,,,0,0,0.0,0.0,,,,,,0.0,0.0,0.0
701UH00000Cj5UTYAZ,Virtual,General,In Progress,2024-07-01 00:00:00,2025-06-30 00:00:00,,,,0,0,1,0,0,2,2,1050.0,1050.0,0,0,2,2,1050.0,1050.0,0,,,,2024-07-09 16:54:59,0,0.0,0,0,0,,,0,0,,,,,,0,0,0.0,0.0,,,,,,0.0,0.0,0.0
701UH00000Cj6iHYAR,Face-to-Face,General,Closed,2024-10-20 00:00:00,2024-10-20 00:00:00,,,,0,0,1,6,6,19,19,47750.0,47750.0,6,6,19,19,47750.0,47750.0,0,0.0,0.0,0.0,2024-07-09 16:59:58,0,0.0,0,0,0,,,0,0,,,,,,0,0,0.0,0.0,0.0,0.0,0.0,,,0.0,0.0,0.0
701UH00000Cj6yPYAR,Virtual,General,In Progress,2024-07-01 00:00:00,2025-06-30 00:00:00,,,,0,0,1,0,0,4,4,255145.54,255145.54,0,0,4,4,255145.54,255145.54,0,,,,2024-07-09 17:01:00,0,0.0,0,0,0,,,0,0,,,,,,0,0,0.0,0.0,,,,,,0.0,0.0,0.0
701UH00000CraRRYAZ,Give Lively Campaign,Project,In Progress,,,55000.0,,,0,0,1,0,0,0,0,0.0,0.0,0,0,0,0,0.0,0.0,0,55000.0,0.0,0.0,2024-07-11 17:03:52,0,0.0,0,0,0,,,0,0,,,,,,0,0,0.0,0.0,,,,,,0.0,0.0,0.0
701UH00000CriTvYAJ,Give Lively Campaign,Project,In Progress,,,60000.0,,,0,0,1,42,42,55,55,2235.99,2235.99,46,46,59,59,5440.39,5440.39,0,60000.0,0.0,0.0,2024-07-11 19:03:38,0,0.0,0,0,0,,,0,0,,,,,,0,0,0.0,0.0,,,,,,0.0,0.0,0.0
701UH00000Cs8JRYAZ,Give Lively Event,Project,In Progress,2022-10-02 00:00:00,2022-10-02 00:00:00,,,,0,0,1,4,4,4,4,3204.4,3204.4,4,4,4,4,3204.4,3204.4,0,0.0,0.0,0.0,2024-07-11 19:03:40,0,0.0,0,0,0,,,0,0,,,,,,0,0,0.0,0.0,,,,,,0.0,0.0,0.0
701UH00000DRNSTYA5,Volunteer,Project,Work Complete,2024-07-22 00:00:00,2024-07-22 00:00:00,,,,0,0,1,13,0,0,0,0.0,0.0,13,0,0,0,0.0,0.0,0,0.0,0.0,0.0,2024-07-22 17:03:12,13,45.5,1,1,0,,,0,0,,SHHIP,,service_app_226,,0,13,0.0,45.5,,,,,,0.0,0.0,0.0
701UH00000DXzuxYAD,Project,Project,Assigned,2024-07-23 00:00:00,,,,,0,0,1,0,0,0,0,0.0,0.0,0,0,0,0,0.0,0.0,0,0.0,0.0,0.0,2024-07-23 18:23:14,0,0.0,0,0,0,,,0,0,,SHHIP,Draft,,27000.0,0,0,0.0,0.0,,,,,,0.0,0.0,0.0
701UH00000EWq3RYAT,Project,Project,Closed,2024-08-06 00:00:00,2024-09-25 00:00:00,,,,0,0,1,0,0,0,0,0.0,0.0,0,0,0,0,0.0,0.0,0,0.0,0.0,0.0,2024-08-06 19:59:43,0,0.0,0,0,0,,,0,0,,SHHIP,,service_app_220,,0,0,0.0,0.0,0.0,0.0,0.0,,,0.0,0.0,0.0
701UH00000EX4SzYAL,Project,Project,Closed,2024-08-19 00:00:00,2024-12-05 00:00:00,,,,0,0,1,0,0,0,0,0.0,0.0,0,0,0,0,0.0,0.0,0,0.0,0.0,0.0,2024-08-06 20:49:28,0,0.0,0,0,0,,,0,0,,SHHIP,,service_app_209,,0,0,0.0,0.0,0.0,0.0,0.0,,,0.0,0.0,0.0
701UH00000Eb7QfYAJ,Project,Project,Closed,2024-08-07 00:00:00,2024-10-21 00:00:00,,,,0,0,1,0,0,0,0,0.0,0.0,0,0,0,0,0.0,0.0,0,0.0,0.0,0.0,2024-08-07 18:40:41,0,0.0,0,0,0,,,1,1,,SHHIP,Signed,service_app_229,,0,0,0.0,0.0,0.0,0.0,0.0,,,0.0,0.0,0.0
701UH00000F1FIxYAN,Project,Project,Closed,2024-06-12 00:00:00,2024-09-05 00:00:00,,,,0,0,0,0,0,0,0,0.0,0.0,0,0,0,0,0.0,0.0,0,0.0,0.0,0.0,2024-08-14 15:00:24,0,0.0,0,0,0,,,0,0,2024-06-13 00:00:00,SHHIP,,service_app_218,,0,0,0.0,0.0,0.0,0.0,0.0,,,0.0,0.0,0.0
701UH00000F1JeIYAV,Project,Project,Closed,2024-08-14 00:00:00,2024-10-28 00:00:00,,,,0,0,1,0,0,0,0,0.0,0.0,0,0,0,0,0.0,0.0,0,0.0,0.0,0.0,2024-08-14 14:59:04,0,0.0,0,0,0,,,0,0,,SHHIP,,service_app_226,,0,0,0.0,0.0,0.0,0.0,0.0,,,0.0,0.0,0.0
701UH00000F1Q4iYAF,Project,Project,Closed,2024-07-25 00:00:00,2024-11-27 00:00:00,,,,0,0,1,0,0,0,0,0.0,0.0,0,0,0,0,0.0,0.0,0,0.0,0.0,0.0,2024-08-14 14:59:28,0,0.0,0,0,0,,,0,0,,SHHIP,,service_app_227,,0,0,0.0,0.0,0.0,0.0,0.0,,,0.0,0.0,0.0
701UH00000F1UzVYAV,Project,Project,Closed,2024-07-09 00:00:00,2024-09-05 00:00:00,,,,0,0,1,0,0,0,0,0.0,0.0,0,0,0,0,0.0,0.0,0,0.0,0.0,0.0,2024-08-14 15:01:20,0,0.0,0,0,0,,,0,0,,SHHIP,,service_app_216,,0,0,0.0,0.0,0.0,0.0,0.0,,,0.0,0.0,0.0
701UH00000F1VKTYA3,Project,Project,Closed,2024-08-01 00:00:00,2024-09-13 00:00:00,,,,0,0,1,0,0,0,0,0.0,0.0,0,0,0,0,0.0,0.0,0,0.0,0.0,0.0,2024-08-14 15:02:35,0,0.0,0,0,0,,,1,1,,SHHIP,Signed,service_app_231,,0,0,0.0,0.0,0.0,0.0,0.0,,,11275.0,0.0,11275.0
701UH00000FMHklYAH,Volunteer,Project,Closed,2024-09-13 00:00:00,2024-09-13 00:00:00,,,,0,0,1,15,0,0,0,0.0,0.0,15,0,0,0,0.0,0.0,0,0.0,0.0,0.0,2024-08-20 18:48:22,11,55.0,1,1,4,,,0,0,2024-09-13 00:00:00,SHHIP,,service_app_246,,0,11,0.0,55.0,0.0,1295.8,1295.8,,,0.0,0.0,0.0
701UH00000FpDqbYAF,Volunteer,Project,Closed,2024-09-18 00:00:00,2024-09-18 00:00:00,,,,0,0,1,10,0,0,0,0.0,0.0,10,0,0,0,0.0,0.0,0,0.0,0.0,0.0,2024-08-27 15:04:14,9,45.0,1,1,6,,,0,0,2024-09-18 00:00:00,SHHIP,,service_app_246,,0,9,0.0,45.0,0.0,1060.2,1060.2,,,0.0,0.0,0.0
701UH00000HacOQYAZ,Project,Project,Closed,2024-09-16 00:00:00,2024-11-05 00:00:00,,,,0,0,1,0,0,0,0,0.0,0.0,0,0,0,0,0.0,0.0,0,0.0,0.0,0.0,2024-09-16 18:06:37,0,0.0,0,0,0,,,0,0,,SHHIP,,service_app_228,,0,0,0.0,0.0,0.0,0.0,0.0,,,0.0,0.0,0.0
701UH00000Hz4plYAB,Volunteer,Project,Closed,2024-10-11 00:00:00,2024-10-16 00:00:00,,,,0,0,1,6,0,0,0,0.0,0.0,6,0,0,0,0.0,0.0,0,0.0,0.0,0.0,2024-09-23 15:36:44,4,16.0,1,1,8,,,0,0,2024-10-16 00:00:00,SHHIP,,service_app_237,,0,4,0.0,16.0,0.0,376.96,376.96,,,0.0,0.0,0.0
701UH00000I2vStYAJ,Volunteer,Project,Work Complete,2024-09-26 00:00:00,2024-09-26 00:00:00,,,,0,0,1,4,0,0,0,0.0,0.0,4,0,0,0,0.0,0.0,0,0.0,0.0,0.0,2024-09-24 14:21:46,3,12.0,1,1,9,,,0,0,2024-09-26 00:00:00,,,service_app_256,,0,3,0.0,12.0,,,,,,0.0,0.0,0.0
701UH00000Ir0QyYAJ,Volunteer,Project,Closed,2024-11-07 00:00:00,2024-11-07 00:00:00,,,,0,0,1,17,0,0,0,0.0,0.0,17,0,0,0,0.0,0.0,0,0.0,0.0,0.0,2024-10-08 16:28:07,14,70.0,1,1,0,,,0,0,2024-11-07 00:00:00,SHHIP,,service_app_209,,0,14,0.0,70.0,0.0,1649.2,1649.2,,,0.0,0.0,0.0
701UH00000JIlITYA1,Project,Project,Closed,2024-10-16 00:00:00,2024-12-20 00:00:00,,,,0,0,1,0,0,0,0,0.0,0.0,0,0,0,0,0.0,0.0,0,0.0,0.0,0.0,2024-10-16 20:31:21,0,0.0,0,0,0,,,0,0,,SHHIP,,service_app_237,,0,0,0.0,0.0,0.0,0.0,0.0,,,0.0,0.0,0.0
701UH00000JRSCJYA5,Give Lively Fundraising Team,Project,In Progress,,,,,,0,0,1,0,0,0,0,0.0,0.0,1,0,0,0,0.0,0.0,0,7500.0,0.0,0.0,2024-10-18 17:04:29,0,0.0,0,0,0,,,0,0,,,,,,0,0,0.0,0.0,,,,,,0.0,0.0,0.0
701UH00000JRUdPYAX,Give Lively Campaign,Project,In Progress,,,,,,0,0,1,13,13,13,13,1209.42,1209.42,22,20,20,20,1772.48,1772.48,0,8000.0,0.0,0.0,2024-10-18 17:04:27,0,0.0,0,0,0,,,0,0,,,,,,0,0,0.0,0.0,,,,,,0.0,0.0,0.0
701UH00000JRaalYAD,Give Lively Team Fundraiser,Project,In Progress,,,7500.0,,,0,0,1,1,0,0,0,0.0,0.0,1,0,0,0,0.0,0.0,0,7500.0,0.0,0.0,2024-10-18 17:04:30,0,0.0,0,0,0,,,0,0,,,,,,0,0,0.0,0.0,,,,,,0.0,0.0,0.0
701UH00000JhzYOYAZ,Project,Project,Closed,2024-08-28 00:00:00,2024-10-23 00:00:00,,,,0,0,1,0,0,0,0,0.0,0.0,0,0,0,0,0.0,0.0,0,0.0,0.0,0.0,2024-10-23 17:13:03,0,0.0,0,0,0,,,1,1,,SHHIP,Signed,service_app_236,,0,0,0.0,0.0,0.0,0.0,0.0,,,0.0,0.0,0.0
701UH00000JqBKeYAN,Project,Project,Closed,2024-10-01 00:00:00,2024-10-25 00:00:00,,,,0,0,1,0,0,0,0,0.0,0.0,0,0,0,0,0.0,0.0,0,0.0,0.0,0.0,2024-10-25 17:02:06,0,0.0,0,0,0,,,0,0,,SHHIP,,service_app_243,,0,0,0.0,0.0,0.0,0.0,0.0,,,0.0,0.0,0.0
701UH00000JwhrKYAR,Project,Project,Closed,2024-09-30 00:00:00,2024-10-25 00:00:00,,,,0,0,1,0,0,0,0,0.0,0.0,0,0,0,0,0.0,0.0,0,0.0,0.0,0.0,2024-10-28 14:12:47,0,0.0,0,0,0,,,0,0,,SHHIP,,service_app_234,,0,0,0.0,0.0,0.0,0.0,0.0,,,0.0,0.0,0.0
701UH00000K5mACYAZ,Project,Project,Closed,2024-10-30 00:00:00,2024-12-17 00:00:00,,,,0,0,1,0,0,0,0,0.0,0.0,0,0,0,0,0.0,0.0,0,0.0,0.0,0.0,2024-10-30 18:07:21,0,0.0,0,0,0,,,0,0,,SHHIP,,service_app_225,,0,0,0.0,0.0,0.0,0.0,0.0,,,0.0,0.0,0.0
701UH00000LTBSHYA5,Give Lively Campaign,Project,In Progress,,,7500.0,,,0,0,1,0,0,0,0,0.0,0.0,0,0,0,0,0.0,0.0,0,7500.0,0.0,0.0,2024-11-22 01:05:57,0,0.0,0,0,0,,,0,0,,,,,,0,0,0.0,0.0,,,,,,0.0,0.0,0.0
701UH00000LvpZjYAJ,Give Lively Campaign,Project,In Progress,,,,,,0,0,1,0,0,0,0,0.0,0.0,0,0,0,0,0.0,0.0,0,0.0,0.0,0.0,2024-12-02 13:03:21,0,0.0,0,0,0,,,0,0,,,,,,0,0,0.0,0.0,,,,,,0.0,0.0,0.0
701UH00000LxggiYAB,Give Lively Fundraising Team,Project,In Progress,,,,,,0,0,1,1,1,1,1,51.43,51.43,8,7,7,7,563.06,563.06,0,500.0,0.0,0.0,2024-12-02 12:04:35,0,0.0,0,0,0,,,0,0,,,,,,0,0,0.0,0.0,,,,,,0.0,0.0,0.0
701UH00000LxtPOYAZ,Give Lively P2P Fundraiser,Project,In Progress,,,500.0,,,0,0,1,1,0,0,0,0.0,0.0,1,0,0,0,0.0,0.0,0,500.0,0.0,0.0,2024-12-02 12:04:39,0,0.0,0,0,0,,,0,0,,,,,,0,0,0.0,0.0,,,,,,0.0,0.0,0.0
701UH00000MR6O6YAL,Give Lively Team Fundraiser,Project,In Progress,,,500.0,,,0,0,1,7,6,6,6,511.63,511.63,7,6,6,6,511.63,511.63,0,500.0,0.0,0.0,2024-12-11 01:03:13,0,0.0,0,0,0,,,0,0,,,,,,0,0,0.0,0.0,,,,,,0.0,0.0,0.0
701UH00000NhVY1YAN,Project,Project,Work Complete,2024-12-17 00:00:00,2025-02-24 00:00:00,,,,0,0,0,0,0,0,0,0.0,0.0,0,0,0,0,0.0,0.0,0,0.0,0.0,0.0,2025-01-06 16:30:49,0,0.0,0,0,0,,1097.76,0,0,,SHHIP,,service_app_259,,0,0,0.0,0.0,0.0,0.0,0.0,,,47109.0,0.0,47109.0
701UH00000NhZuwYAF,Project,Project,Closed,2024-09-03 00:00:00,2025-02-14 00:00:00,,,,0,0,0,0,0,0,0,0.0,0.0,0,0,0,0,0.0,0.0,0,0.0,0.0,0.0,2025-01-06 16:27:02,0,0.0,0,0,0,,,0,0,,SHHIP,,service_app_239,,0,0,0.0,0.0,0.0,0.0,0.0,,,17150.0,0.0,17150.0
701UH00000NhczIYAR,Project,Project,Closed,2024-11-15 00:00:00,2025-03-03 00:00:00,,,,0,0,0,0,0,0,0,0.0,0.0,0,0,0,0,0.0,0.0,0,0.0,0.0,0.0,2025-01-06 16:31:51,0,0.0,0,0,0,,,0,0,,SHHIP,,service_app_248,,0,0,0.0,0.0,0.0,0.0,0.0,,,14988.43,0.0,14988.43
701UH00000NhjhOYAR,Project,Project,Closed,2024-11-04 00:00:00,2025-01-24 00:00:00,,,,0,0,0,0,0,0,0,0.0,0.0,0,0,0,0,0.0,0.0,0,0.0,0.0,0.0,2025-01-06 16:30:02,0,0.0,0,0,0,,,1,1,,SHHIP,Signed,service_app_245,,0,0,0.0,0.0,0.0,0.0,0.0,,,0.0,0.0,0.0
701UH00000NhkgfYAB,Project,Project,Closed,2024-12-03 00:00:00,2025-02-14 00:00:00,,,,0,0,0,0,0,0,0,0.0,0.0,0,0,0,0,0.0,0.0,0,0.0,0.0,0.0,2025-01-06 16:32:43,0,0.0,0,0,0,,,1,1,,SHHIP,Signed,service_app_244,,0,0,0.0,0.0,0.0,0.0,0.0,,,13425.0,0.0,13425.0
701UH00000OF9raYAD,Project,Project,Closed,2024-10-17 00:00:00,2024-10-25 00:00:00,,,,0,0,1,0,0,0,0,0.0,0.0,0,0,0,0,0.0,0.0,0,0.0,0.0,0.0,2025-01-15 20:15:21,0,0.0,0,0,0,,,0,0,,SHHIP,,service_app_238,,0,0,0.0,0.0,0.0,0.0,0.0,,,0.0,0.0,0.0
701UH00000OFDIWYA5,Project,Project,Closed,2024-10-17 00:00:00,2024-10-29 00:00:00,,,,0,0,1,0,0,0,0,0.0,0.0,0,0,0,0,0.0,0.0,0,0.0,0.0,0.0,2025-01-15 19:53:25,0,0.0,0,0,0,,,0,0,,Community Space,,service_app_253,,0,0,0.0,0.0,0.0,0.0,0.0,,,0.0,0.0,0.0
701UH00000OFIgLYAX,Project,Project,Closed,2024-04-01 00:00:00,2024-05-01 00:00:00,,,,0,0,1,0,0,0,0,0.0,0.0,0,0,0,0,0.0,0.0,0,0.0,0.0,0.0,2025-01-15 20:03:14,0,0.0,0,0,0,,,0,0,,SHHIP,,service_app_222,,0,0,0.0,0.0,0.0,0.0,0.0,,,0.0,0.0,0.0
701UH00000OZiurYAD,Project,Project,Closed,2024-09-09 00:00:00,2024-09-24 00:00:00,,,,0,0,1,0,0,0,0,0.0,0.0,0,0,0,0,0.0,0.0,0,0.0,0.0,0.0,2025-01-22 15:18:31,0,0.0,0,0,0,,,0,0,,SHHIP,,service_app_246,,0,0,0.0,0.0,0.0,0.0,0.0,,,0.0,0.0,0.0
701UH00000Oa2S8YAJ,Project,Project,Closed,2024-09-30 00:00:00,2024-11-01 00:00:00,,,,0,0,1,0,0,0,0,0.0,0.0,0,0,0,0,0.0,0.0,0,0.0,0.0,0.0,2025-01-22 15:49:48,0,0.0,0,0,0,,,0,0,,,,service_app_257,,0,0,0.0,0.0,0.0,0.0,0.0,,,0.0,0.0,0.0
701UH00000Oa4NUYAZ,Project,Project,Closed,2024-09-20 00:00:00,2024-11-01 00:00:00,,,,0,0,1,0,0,0,0,0.0,0.0,0,0,0,0,0.0,0.0,0,0.0,0.0,0.0,2025-01-22 15:56:57,0,0.0,0,0,0,,,0,0,,,,service_app_251,,0,0,0.0,0.0,0.0,0.0,0.0,,,0.0,0.0,0.0
701UH00000Oa4lgYAB,Project,Project,Closed,2025-01-06 00:00:00,2025-03-03 00:00:00,,,,0,0,0,0,0,0,0,0.0,0.0,0,0,0,0,0.0,0.0,0,0.0,0.0,0.0,2025-01-22 16:20:52,0,0.0,0,0,0,,,0,0,,SHHIP,,service_app_197,,0,0,0.0,0.0,0.0,0.0,0.0,,,39605.1,0.0,39605.1
701UH00000Oa5jJYAR,Project,Project,Closed,2024-08-27 00:00:00,2024-10-17 00:00:00,,,,0,0,1,0,0,0,0,0.0,0.0,0,0,0,0,0.0,0.0,0,0.0,0.0,0.0,2025-01-22 15:48:26,0,0.0,0,0,0,,,0,0,,,,service_app_241,,0,0,0.0,0.0,0.0,0.0,0.0,,,0.0,0.0,0.0
701UH00000P8UFXYA3,Project,Project,Work Complete,2025-01-31 00:00:00,2025-05-21 00:00:00,,,,0,0,0,0,0,0,0,0.0,0.0,0,0,0,0,0.0,0.0,0,0.0,0.0,0.0,2025-01-31 20:01:03,0,0.0,0,0,0,,796.76,1,1,,SHHIP,Signed,service_app_250,,0,0,0.0,0.0,,,,,,18775.0,0.0,18775.0
701UH00000P8YitYAF,Project,Project,Closed,2025-01-31 00:00:00,2025-06-20 00:00:00,,,,0,0,1,0,0,0,0,0.0,0.0,0,0,0,0,0.0,0.0,0,0.0,0.0,0.0,2025-01-31 20:00:04,0,0.0,0,0,0,,,0,0,,SHHIP,,service_app_263,,0,0,0.0,0.0,0.0,0.0,0.0,,,25360.0,0.0,25360.0
701UH00000PMBeQYAX,Project,Project,Canceled,2025-02-04 00:00:00,,,,,0,0,1,0,0,0,0,0.0,0.0,0,0,0,0,0.0,0.0,0,0.0,0.0,0.0,2025-02-04 18:09:27,0,0.0,0,0,0,,,0,0,,SHHIP,,service_app_249,,0,0,0.0,0.0,,,,,,0.0,0.0,0.0
701UH00000QLO2iYAH,Project,Project,Work Complete,2025-02-04 00:00:00,2025-02-13 00:00:00,,,,0,0,0,0,0,0,0,0.0,0.0,0,0,0,0,0.0,0.0,0,0.0,0.0,0.0,2025-02-11 16:33:31,0,0.0,0,0,0,,,0,0,,SHHIP,,service_app_235,,0,0,0.0,0.0,0.0,0.0,0.0,,,4214.61,0.0,4214.61
701UH00000QMOIXYA5,Contractor,Project,Closed,2025-02-11 00:00:00,2025-06-04 00:00:00,,,,0,0,1,0,0,0,0,0.0,0.0,0,0,0,0,0.0,0.0,0,0.0,0.0,0.0,2025-02-11 19:52:09,0,0.0,0,0,0,,,0,0,,SHHIP,,service_app_263,,0,0,0.0,0.0,0.0,0.0,0.0,,,0.0,0.0,0.0
701UH00000QnQ4HYAV,Give Lively Event,Project,In Progress,2025-04-12 00:00:00,2025-04-12 00:00:00,,,,0,0,1,32,32,32,32,2146.93,2146.93,32,32,32,32,2146.93,2146.93,0,0.0,0.0,0.0,2025-02-13 15:05:11,0,0.0,0,0,0,,,0,0,,,,,,0,0,0.0,0.0,,,,,,0.0,0.0,0.0
701UH00000S0udIYAR,Volunteer,Project,Closed,2025-02-24 00:00:00,2025-03-28 00:00:00,,,,0,0,0,2,0,0,0,0.0,0.0,2,0,0,0,0.0,0.0,0,0.0,0.0,0.0,2025-02-24 19:50:42,2,0.0,1,2,4,,,0,0,2024-02-28 00:00:00,,,service_app_270,,0,2,0.0,0.0,0.0,0.0,0.0,,,0.0,0.0,0.0
701UH00000S0vHXYAZ,Project,Volunteer Campaign,Planning,,,,,,0,0,0,0,0,0,0,0.0,0.0,0,0,0,0,0.0,0.0,0,0.0,0.0,0.0,2025-02-24 19:49:55,0,0.0,0,0,0,,,0,0,,,,,,0,0,0.0,0.0,,,,,,0.0,0.0,0.0
701UH00000S5HxlYAF,Project,Project,Work Complete,2025-02-25 00:00:00,2025-07-11 00:00:00,,,,0,0,0,0,0,0,0,0.0,0.0,0,0,0,0,0.0,0.0,0,0.0,0.0,0.0,2025-02-25 17:54:21,0,0.0,0,0,0,,,0,0,,SHHIP,,service_app_267,,0,0,0.0,0.0,,,,,43613.52,39800.0,0.0,39800.0
701UH00000SYZo7YAH,Project,Project,Assigned,,,,,,0,0,0,0,0,0,0,0.0,0.0,0,0,0,0,0.0,0.0,0,0.0,0.0,0.0,2025-03-05 20:43:00,0,0.0,0,0,0,,,0,0,,,,,,0,0,0.0,0.0,,,,,,0.0,0.0,0.0
701UH00000SYeMLYA1,Project,Project,Assigned,,,,,,0,0,1,0,0,0,0,0.0,0.0,0,0,0,0,0.0,0.0,0,0.0,0.0,0.0,2025-03-05 20:41:23,0,0.0,0,0,0,,,0,0,,SHHIP,,,,0,0,0.0,0.0,,,,,,0.0,0.0,0.0
701UH00000TEHxyYAH,Project,Project,Work Complete,2025-03-17 00:00:00,2025-06-02 00:00:00,,,,0,0,0,0,0,0,0,0.0,0.0,0,0,0,0,0.0,0.0,0,0.0,0.0,0.0,2025-03-17 16:08:50,0,0.0,0,0,0,0.0,,0,0,,Rapid Repair,,service_app_295,,0,0,0.0,0.0,0.0,0.0,0.0,,,4950.0,0.0,4950.0
701UH00000TRQTzYAP,Project,Volunteer Campaign,Closed,2025-04-03 00:00:00,2025-04-03 00:00:00,,,,0,0,0,50,50,0,0,0.0,0.0,50,50,0,0,0.0,0.0,0,0.0,0.0,0.0,2025-03-20 18:37:02,50,150.0,1,1,10,,,0,0,,SHHIP,,,,0,50,0.0,150.0,0.0,3534.0,3534.0,,,0.0,0.0,0.0
701UH00000TXM2hYAH,Project,Project,Work Complete,2025-03-21 00:00:00,2025-07-11 00:00:00,,,,0,0,0,0,0,0,0,0.0,0.0,0,0,0,0,0.0,0.0,0,0.0,0.0,0.0,2025-03-21 20:12:03,0,0.0,0,0,0,,,1,1,,SHHIP,Signed,service_app_255,,0,0,0.0,0.0,,,,,40705.83,34595.17,24700.0,9895.17
701UH00000UTCSpYAP,Volunteer,Project,Work Complete,2025-04-07 00:00:00,2025-04-22 00:00:00,,,,0,0,1,11,0,0,0,0.0,0.0,11,0,0,0,0.0,0.0,0,0.0,0.0,0.0,2025-04-07 18:56:52,11,44.0,1,1,1,,,0,0,2025-04-22 00:00:00,SHHIP,,service_app_294,,0,11,0.0,44.0,,,,,,0.0,0.0,0.0
701UH00000UTHqdYAH,Project,Project,Planning,2025-04-07 00:00:00,,,,,0,0,1,0,0,0,0,0.0,0.0,0,0,0,0,0.0,0.0,0,0.0,0.0,0.0,2025-04-07 18:56:26,0,0.0,0,0,0,,,0,0,,SHHIP,,service_app_294,,0,0,0.0,0.0,,,,,,0.0,0.0,0.0
701UH00000UTmnyYAD,Virtual,General,Planning,2025-07-01 00:00:00,2026-06-30 00:00:00,,,,0,0,0,0,0,0,0,0.0,0.0,0,0,0,0,0.0,0.0,0,0.0,0.0,0.0,2025-04-07 20:58:57,0,0.0,0,0,0,,,0,0,,,,,,0,0,0.0,0.0,,,,,,0.0,0.0,0.0
701UH00000UTooBYAT,Virtual,General,Planning,2025-07-01 00:00:00,2026-06-30 00:00:00,,,,0,0,0,0,0,0,0,0.0,0.0,0,0,0,0,0.0,0.0,0,0.0,0.0,0.0,2025-04-07 20:52:43,0,0.0,0,0,0,,,0,0,,,,,,0,0,0.0,0.0,,,,,,0.0,0.0,0.0
701UH00000UTqOZYA1,Virtual,General,Planning,2025-07-01 00:00:00,2026-06-30 00:00:00,,,,0,0,0,0,0,0,0,0.0,0.0,0,0,0,0,0.0,0.0,0,0.0,0.0,0.0,2025-04-07 20:57:13,0,0.0,0,0,0,,,0,0,,,,,,0,0,0.0,0.0,,,,,,0.0,0.0,0.0
701UH00000UTuGrYAL,Virtual,General,Planning,2025-07-01 00:00:00,2026-06-30 00:00:00,,,,0,0,0,0,0,0,0,0.0,0.0,0,0,0,0,0.0,0.0,0,0.0,0.0,0.0,2025-04-07 20:58:01,0,0.0,0,0,0,,,0,0,,,,,,0,0,0.0,0.0,,,,,,0.0,0.0,0.0
701UH00000UTugfYAD,Virtual,General,Planning,2025-07-01 00:00:00,2026-06-30 00:00:00,,,,0,0,0,0,0,0,0,0.0,0.0,0,0,0,0,0.0,0.0,0,0.0,0.0,0.0,2025-04-07 21:00:02,0,0.0,0,0,0,,,0,0,,,,,,0,0,0.0,0.0,,,,,,0.0,0.0,0.0
701UH00000UXd4XYAT,Project,Project,In Progress,2025-06-06 00:00:00,,,,,0,0,1,0,0,0,0,0.0,0.0,0,0,0,0,0.0,0.0,0,0.0,0.0,0.0,2025-04-08 20:10:31,0,0.0,0,0,0,,,0,0,,SHHIP,,service_app_266,40000.0,0,0,0.0,0.0,,,,,,36430.88,0.0,36430.88
701UH00000UoxgNYAR,Event,General,Closed,2025-03-01 00:00:00,2025-04-12 00:00:00,,,,0,0,1,1,1,4,4,11102.56,11102.56,1,1,4,4,11102.56,11102.56,0,0.0,0.0,0.0,2025-04-14 17:55:04,0,0.0,0,0,0,,,0,0,,,,,,0,0,0.0,0.0,0.0,0.0,0.0,,,0.0,0.0,0.0
701UH00000VC3DJYA1,Project,Project,Work Complete,2025-05-02 00:00:00,2025-06-04 00:00:00,,,,0,0,0,7,0,0,0,0.0,0.0,7,0,0,0,0.0,0.0,0,0.0,0.0,0.0,2025-04-21 20:29:06,7,32.0,1,1,5,,4134.17,1,1,2025-05-02 00:00:00,SHHIP,Signed,service_app_292,,0,7,0.0,32.0,0.0,753.92,753.92,,32134.17,28000.0,26350.0,1650.0
701UH00000VYd8LYAT,Project,Project,Closed,2025-04-28 00:00:00,2025-08-06 00:00:00,,,,0,0,1,0,0,0,0,0.0,0.0,0,0,0,0,0.0,0.0,0,0.0,0.0,0.0,2025-04-28 18:23:59,0,0.0,0,0,0,,,0,1,,SHHIP,Signed,service_app_273,,0,0,0.0,0.0,0.0,0.0,0.0,,30194.85,0.0,0.0,0.0
701UH00000VbjPMYAZ,Give Lively Event,Project,In Progress,2025-05-15 00:00:00,2025-05-15 00:00:00,,,,0,0,1,14,14,14,14,1856.97,1856.97,14,14,14,14,1856.97,1856.97,0,0.0,0.0,0.0,2025-04-29 15:05:28,0,0.0,0,0,0,,,0,0,,,,,,0,0,0.0,0.0,,,,,,0.0,0.0,0.0
701UH00000VbncbYAB,Give Lively Campaign,Project,In Progress,,,2500.0,,,0,0,1,0,0,0,0,0.0,0.0,14,14,14,14,1856.97,1856.97,0,2500.0,0.0,0.0,2025-04-29 15:05:27,0,0.0,0,0,0,,,0,0,,,,,,0,0,0.0,0.0,,,,,,0.0,0.0,0.0
701UH00000WD6tuYAD,Volunteer,Project,Planning,2025-05-22 00:00:00,2025-05-22 00:00:00,,,,0,0,1,13,0,0,0,0.0,0.0,13,0,0,0,0.0,0.0,0,0.0,0.0,0.0,2025-05-09 17:24:25,11,44.0,1,1,0,,,0,0,2025-05-22 00:00:00,Rapid Repair,,service_app_314,,0,11,0.0,44.0,,,,,,0.0,0.0,0.0
701UH00000WlELFYA3,Event,General,In Progress,2025-05-16 00:00:00,,,,,0,0,1,7,7,17,17,3675.0,3675.0,7,7,17,17,3675.0,3675.0,0,,,,2025-05-20 17:46:10,0,0.0,0,0,0,,,0,0,,,,,,0,0,0.0,0.0,,,,,,0.0,0.0,0.0
701UH00000Xbwq1YAB,Project,Project,In Progress,2025-06-04 00:00:00,,,,,0,0,1,0,0,0,0,0.0,0.0,0,0,0,0,0.0,0.0,0,0.0,0.0,0.0,2025-06-04 20:15:15,0,0.0,0,0,0,,,0,0,,SHHIP,,service_app_302,,0,0,0.0,0.0,,,,,,25155.0,0.0,25155.0
701UH00000Xqu9dYAB,Project,Project,Work Complete,2025-06-09 00:00:00,2025-06-16 00:00:00,,,,0,0,0,0,0,0,0,0.0,0.0,0,0,0,0,0.0,0.0,0,0.0,0.0,0.0,2025-06-09 20:58:54,0,0.0,0,0,0,,,0,0,,SHHIP,,service_app_318,,0,0,0.0,0.0,0.0,0.0,0.0,,,4000.0,4000.0,0.0
701UH00000YVJ61YAH,Project,Project,Work Complete,2025-02-21 00:00:00,2025-04-10 00:00:00,,,,0,0,0,0,0,0,0,0.0,0.0,0,0,0,0,0.0,0.0,0,0.0,0.0,0.0,2025-06-20 16:16:08,0,0.0,0,0,0,,,0,0,,SHHIP,,service_app_261,,0,0,0.0,0.0,,,,,,5000.0,5000.0,0.0
701UH00000YVJpBYAX,Project,Project,Work Complete,2025-03-21 00:00:00,2025-04-24 00:00:00,,,,0,0,0,0,0,0,0,0.0,0.0,0,0,0,0,0.0,0.0,0,0.0,0.0,0.0,2025-06-20 16:19:22,0,0.0,0,0,0,,,0,0,,SHHIP,,service_app_301,,0,0,0.0,0.0,0.0,0.0,0.0,,,5000.0,0.0,5000.0
701UH00000YVKEzYAP,Project,Project,Work Complete,2025-03-11 00:00:00,2025-03-24 00:00:00,,,,0,0,0,0,0,0,0,0.0,0.0,0,0,0,0,0.0,0.0,0,0.0,0.0,0.0,2025-06-20 16:21:32,0,0.0,0,0,0,,,0,0,,SHHIP,,service_app_296,,0,0,0.0,0.0,0.0,0.0,0.0,,,5000.0,5000.0,0.0
701UH00000YVKoTYAX,Project,Project,Work Complete,2025-02-14 00:00:00,2025-03-27 00:00:00,,,,0,0,0,0,0,0,0,0.0,0.0,0,0,0,0,0.0,0.0,0,0.0,0.0,0.0,2025-06-20 16:24:58,0,0.0,0,0,0,,278.08,0,0,,SHHIP,,service_app_264,,0,0,0.0,0.0,,,,,,11380.0,11380.0,0.0
701UH00000Yh3brYAB,Project,Volunteer Campaign,Planning,,,,,,0,0,0,0,0,0,0,0.0,0.0,0,0,0,0,0.0,0.0,0,0.0,0.0,0.0,2025-06-24 19:28:48,0,0.0,0,0,0,,,0,0,,,,,,0,0,0.0,0.0,,,,,,0.0,0.0,0.0
701UH00000YhIyzYAF,Project,Project,Work Complete,2025-05-05 00:00:00,2025-06-09 00:00:00,,,,0,0,0,0,0,0,0,0.0,0.0,0,0,0,0,0.0,0.0,0,0.0,0.0,0.0,2025-06-24 19:23:21,0,0.0,0,0,0,,,0,0,,SHHIP,,service_app_299,,0,0,0.0,0.0,0.0,0.0,0.0,,,5000.0,0.0,5000.0
701UH00000YhM05YAF,Project,Project,Work Complete,2025-04-30 00:00:00,2025-05-19 00:00:00,,,,0,0,0,0,0,0,0,0.0,0.0,0,0,0,0,0.0,0.0,0,0.0,0.0,0.0,2025-06-24 19:33:17,0,0.0,0,0,0,,,0,0,,SHHIP,,service_app_298,,0,0,0.0,0.0,0.0,0.0,0.0,,,4900.0,4900.0,0.0
701UH00000YlBXVYA3,Contractor,Project,Work Complete,2025-01-29 00:00:00,2025-03-26 00:00:00,,,,0,0,0,0,0,0,0,0.0,0.0,0,0,0,0,0.0,0.0,0,0.0,0.0,0.0,2025-06-25 15:46:15,0,0.0,0,0,0,,,0,0,,Rapid Repair,,service_app_232,,0,0,0.0,0.0,0.0,0.0,0.0,,,0.0,0.0,0.0
701UH00000Yq3JDYAZ,Project,Project,Work Complete,2025-06-26 00:00:00,,,,,0,0,1,0,0,0,0,0.0,0.0,0,0,0,0,0.0,0.0,0,0.0,0.0,0.0,2025-06-26 17:26:22,0,0.0,0,0,0,,,0,0,,SHHIP,,service_app_258,,0,0,0.0,0.0,,,,,,0.0,0.0,0.0
701UH00000YqL4oYAF,Project,Project,Work Complete,2025-06-13 00:00:00,2025-08-20 00:00:00,,,,0,0,0,0,0,0,0,0.0,0.0,0,0,0,0,0.0,0.0,0,0.0,0.0,0.0,2025-06-26 18:34:29,0,0.0,0,0,0,,2180.0,0,1,,SHHIP,Signed,service_app_297,25000.0,0,0,0.0,0.0,,,,,,22151.0,0.0,22151.0
701UH00000Z0JY0YAN,Project,Project,Closed,2025-03-31 00:00:00,2025-07-28 00:00:00,,,,0,0,0,0,0,0,0,0.0,0.0,0,0,0,0,0.0,0.0,0,0.0,0.0,0.0,2025-06-30 15:11:36,0,0.0,0,0,0,,3133.26,0,0,,SHHIP,,service_app_242,36000.0,0,0,0.0,0.0,0.0,0.0,0.0,,34283.26,31150.0,0.0,31150.0
701UH00000Z97fgYAB,Virtual,General,In Progress,2025-07-01 00:00:00,2026-06-30 00:00:00,,,,0,0,1,0,0,0,0,0.0,0.0,0,0,0,0,0.0,0.0,0,0.0,0.0,0.0,2025-07-02 19:23:03,0,0.0,0,0,0,,,0,0,,,,,,0,0,0.0,0.0,,,,,,0.0,0.0,0.0
701UH00000Z9A0qYAF,Virtual,General,In Progress,2025-07-01 00:00:00,2026-06-30 00:00:00,8000.0,,,0,0,1,0,0,0,0,0.0,0.0,0,0,0,0,0.0,0.0,0,8000.0,,,2025-07-02 19:28:20,0,0.0,0,0,0,,,0,0,,,,,,0,0,0.0,0.0,,,,,,0.0,0.0,0.0
701UH00000Z9FzoYAF,Virtual,General,In Progress,2025-07-01 00:00:00,2026-06-30 00:00:00,94500.0,,,0,0,1,0,0,0,0,0.0,0.0,0,0,0,0,0.0,0.0,0,102500.0,0.0,0.0,2025-07-02 19:26:50,0,0.0,0,0,0,,,0,0,,,,,,0,0,0.0,0.0,,,,,,0.0,0.0,0.0
701UH00000Z9KPzYAN,Virtual,General,In Progress,2025-07-01 00:00:00,2026-06-30 00:00:00,762000.0,,,0,0,1,0,0,6,5,113325.33,113325.33,2,1,14,9,141825.33,141825.33,0,1495500.0,0.0,0.0,2025-07-02 19:22:18,0,0.0,0,0,0,,,0,0,,,,,,0,0,0.0,0.0,,,,,,0.0,0.0,0.0
701UH00000Z9LfNYAV,Virtual,General,In Progress,2025-07-01 00:00:00,2026-06-30 00:00:00,302500.0,,,0,0,1,0,0,0,0,0.0,0.0,0,0,0,0,0.0,0.0,0,302500.0,0.0,0.0,2025-07-02 19:24:41,0,0.0,0,0,0,,,0,0,,,,,,0,0,0.0,0.0,,,,,,0.0,0.0,0.0
701UH00000Z9M5BYAV,Virtual,General,In Progress,2025-07-01 00:00:00,2026-06-30 00:00:00,287500.0,,,0,0,0,1,0,5,1,24000.0,24000.0,1,0,5,1,24000.0,24000.0,0,287500.0,0.0,0.0,2025-07-02 19:26:02,0,0.0,0,0,0,,,0,0,,,,,,0,0,0.0,0.0,,,,,,0.0,0.0,0.0
701UH00000Z9MEvYAN,Virtual,General,In Progress,2025-07-01 00:00:00,2026-06-30 00:00:00,6000.0,,,0,0,1,0,0,0,0,0.0,0.0,0,0,0,0,0.0,0.0,0,6000.0,,,2025-07-02 20:04:58,0,0.0,0,0,0,,,0,0,,,,,,0,0,0.0,0.0,,,,,,0.0,0.0,0.0
701UH00000Z9MYDYA3,Virtual,General,In Progress,2025-07-01 00:00:00,2026-06-30 00:00:00,35000.0,,,0,0,1,0,0,0,0,0.0,0.0,0,0,0,0,0.0,0.0,0,35000.0,0.0,0.0,2025-07-02 19:27:46,0,0.0,0,0,0,,,0,0,,,,,,0,0,0.0,0.0,,,,,,0.0,0.0,0.0
701UH00000ZxVDQYA3,Give Lively Campaign,Project,In Progress,,,75000.0,,,0,0,1,0,0,0,0,0.0,0.0,2,2,2,2,2175.0,2175.0,0,75000.0,0.0,0.0,2025-07-17 18:11:31,0,0.0,0,0,0,,,0,0,,,,,,0,0,0.0,0.0,,,,,,0.0,0.0,0.0
701UH00000ZxegRYAR,Give Lively Event,Project,In Progress,2025-10-23 00:00:00,2025-10-23 00:00:00,,,,0,0,1,2,2,2,2,2175.0,2175.0,2,2,2,2,2175.0,2175.0,0,0.0,0.0,0.0,2025-07-17 19:11:25,0,0.0,0,0,0,,,0,0,,,,,,0,0,0.0,0.0,,,,,,0.0,0.0,0.0
701UH00000ZxqhaYAB,Give Lively Event,Project,In Progress,2024-10-20 00:00:00,2024-10-20 00:00:00,,,,0,0,1,0,0,0,0,0.0,0.0,0,0,0,0,0.0,0.0,0,0.0,0.0,0.0,2025-07-17 18:11:33,0,0.0,0,0,0,,,0,0,,,,,,0,0,0.0,0.0,,,,,,0.0,0.0,0.0
701UH00000a7w7PYAQ,Project,Project,In Progress,2025-07-21 00:00:00,,,,,0,0,1,0,0,0,0,0.0,0.0,0,0,0,0,0.0,0.0,0,0.0,0.0,0.0,2025-07-21 15:57:48,0,0.0,0,0,0,,,0,1,,SHHIP,Signed,service_app_310,26000.0,0,0,0.0,0.0,,,,,,23520.0,0.0,23520.0
701UH00000acVxKYAU,Event,General,Planning,2025-07-01 00:00:00,2025-10-31 00:00:00,,,,0,0,0,1,1,3,3,4500.0,4500.0,1,1,3,3,4500.0,4500.0,0,0.0,0.0,0.0,2025-07-29 14:37:01,0,0.0,0,0,0,,,0,0,,,,,,0,0,0.0,0.0,,,,,,0.0,0.0,0.0
701UH00000acZbBYAU,Event,General,Closed,,2025-07-29 00:00:00,,,,0,0,0,0,0,2,2,10000.0,10000.0,0,0,2,2,10000.0,10000.0,0,0.0,0.0,0.0,2025-07-29 14:40:09,0,0.0,0,0,0,,,0,0,,,,,,0,0,0.0,0.0,0.0,0.0,0.0,,,0.0,0.0,0.0
701UH00000ahOojYAE,Project,Project,In Progress,2025-07-30 00:00:00,,,,,0,0,1,0,0,0,0,0.0,0.0,0,0,0,0,0.0,0.0,0,0.0,0.0,0.0,2025-07-30 16:11:42,0,0.0,0,0,0,,,1,1,,SHHIP,Signed,service_app_315,32000.0,0,0,0.0,0.0,,,,,,31069.0,0.0,31069.0
701UH00000aqMxPYAU,Project,Project,Closed,2024-11-09 00:00:00,2025-01-24 00:00:00,,,,0,0,1,0,0,0,0,0.0,0.0,0,0,0,0,0.0,0.0,0,0.0,0.0,0.0,2025-08-01 20:34:03,0,0.0,0,0,0,,,0,0,,,,service_app_271,,0,0,0.0,0.0,0.0,0.0,0.0,,,0.0,0.0,0.0
701UH00000aqWYeYAM,Project,Project,Closed,2025-01-08 00:00:00,2025-05-09 00:00:00,,,,0,0,1,0,0,0,0,0.0,0.0,0,0,0,0,0.0,0.0,0,0.0,0.0,0.0,2025-08-01 20:37:27,0,0.0,0,0,0,,,0,0,,,,service_app_268,,0,0,0.0,0.0,0.0,0.0,0.0,,,0.0,0.0,0.0
701UH00000aqbI8YAI,Project,Project,Closed,2025-01-17 00:00:00,2025-02-10 00:00:00,,,,0,0,1,0,0,0,0,0.0,0.0,0,0,0,0,0.0,0.0,0,0.0,0.0,0.0,2025-08-01 20:31:08,0,0.0,0,0,0,,,0,0,2025-01-17 00:00:00,,,service_app_272,,0,0,0.0,0.0,0.0,0.0,0.0,,,0.0,0.0,0.0
701UH00000aqbq3YAA,Project,Project,In Progress,2025-06-01 00:00:00,,,,,0,0,1,0,0,0,0,0.0,0.0,0,0,0,0,0.0,0.0,0,0.0,0.0,0.0,2025-08-01 20:40:59,0,0.0,0,0,0,,,0,0,,,,service_app_289,,0,0,0.0,0.0,,,,,,0.0,0.0,0.0
701UH00000aqe38YAA,Project,Project,In Progress,2025-06-26 00:00:00,,,,,0,0,1,0,0,0,0,0.0,0.0,0,0,0,0,0.0,0.0,0,0.0,0.0,0.0,2025-08-01 20:40:08,0,0.0,0,0,0,,,0,0,,,,service_app_303,,0,0,0.0,0.0,,,,,,0.0,0.0,0.0
701UH00000aqgw6YAA,Project,Project,Closed,2025-04-25 00:00:00,2025-06-20 00:00:00,,,,0,0,1,0,0,0,0,0.0,0.0,0,0,0,0,0.0,0.0,0,0.0,0.0,0.0,2025-08-01 20:35:11,0,0.0,0,0,0,,,0,0,,,,service_app_279,,0,0,0.0,0.0,0.0,0.0,0.0,,,0.0,0.0,0.0
701UH00000aqmS4YAI,Project,Project,Closed,2025-01-08 00:00:00,2025-05-09 00:00:00,,,,0,0,1,0,0,0,0,0.0,0.0,0,0,0,0,0.0,0.0,0,0.0,0.0,0.0,2025-08-01 21:08:21,0,0.0,0,0,0,,,0,0,,,,service_app_269,,0,0,0.0,0.0,0.0,0.0,0.0,,,0.0,0.0,0.0
701UH00000aqmyKYAQ,Project,Project,Closed,2025-08-01 00:00:00,2025-08-01 00:00:00,,,,0,0,1,0,0,0,0,0.0,0.0,0,0,0,0,0.0,0.0,0,0.0,0.0,0.0,2025-08-01 20:39:19,0,0.0,0,0,0,,,0,0,,,,service_app_290,,0,0,0.0,0.0,0.0,0.0,0.0,,,0.0,0.0,0.0
701UH00000aqoVRYAY,Project,Project,Closed,2025-04-20 00:00:00,2025-05-30 00:00:00,,,,0,0,1,0,0,0,0,0.0,0.0,0,0,0,0,0.0,0.0,0,0.0,0.0,0.0,2025-08-01 20:36:09,0,0.0,0,0,0,,,0,0,,,,service_app_278,,0,0,0.0,0.0,0.0,0.0,0.0,,,0.0,0.0,0.0
701UH00000b4JrdYAE,Volunteer,Project,In Progress,2025-08-12 00:00:00,2025-08-12 00:00:00,,,,0,0,1,3,0,0,0,0.0,0.0,3,0,0,0,0.0,0.0,0,0.0,0.0,0.0,2025-08-05 20:09:55,3,0.0,1,1,5,,,0,0,2025-08-12 00:00:00,SHHIP,,service_app_202,50000.0,0,3,0.0,0.0,,,,,,29215.0,0.0,29215.0
701UH00000d5VcdYAE,Volunteer,Project,Planning,2025-10-09 00:00:00,2025-10-09 00:00:00,,,,0,0,1,0,0,0,0,0.0,0.0,0,0,0,0,0.0,0.0,0,0.0,0.0,0.0,2025-09-08 16:03:29,0,0.0,1,1,12,,,0,0,2025-10-09 00:00:00,SHHIP,,service_app_202,,0,0,0.0,0.0,,,,,,0.0,0.0,0.0
701UH00000d5vVRYAY,Volunteer,Project,Planning,2025-10-03 00:00:00,2025-10-03 00:00:00,,,,0,0,1,0,0,0,0,0.0,0.0,0,0,0,0,0.0,0.0,0,0.0,0.0,0.0,2025-09-08 16:00:14,0,0.0,1,1,12,,,0,0,2025-10-03 00:00:00,SHHIP,,service_app_202,,0,0,0.0,0.0,,,,,,0.0,0.0,0.0
701UH00000di7IgYAI,Volunteer,Project,Planning,2025-09-17 00:00:00,,,,,0,0,1,5,0,0,0,0.0,0.0,5,0,0,0,0.0,0.0,0,0.0,0.0,0.0,2025-09-17 15:36:43,5,0.0,1,1,5,,,0,0,,Codes Remediation,,service_app_336,,0,5,0.0,0.0,,,,,,0.0,0.0,0.0
